{
    "$schema": "https://schema.management.azure.com/schemas/2019-04-01/deploymentTemplate.json#",
    "contentVersion": "1.0.0.0",

    "parameters": {
        "acrName": {
            "type": "string",
            "defaultValue": "azacr",
            "metadata": {
                "description": "Azure Container Registry name"
            },
            "maxLength": 50,
            "minLength": 5
        },
        "location": {
            "type": "string",
            "defaultValue": "[resourceGroup().location]",
            "metadata": {
                "description": "Azure Container Registry location"
            }
        },
        "acrSku": {
            "type": "string",
            "defaultValue": "Premium",
            "allowedValues": [
                "Basic",
                "Standard",
                "Premium",
                "Classic"
            ],
            "metadata": {
                "description": "Azure Container Registry tier"
            }
        },
        "enableSystemIdentity": {
            "type": "bool",
            "defaultValue": true,
            "metadata": {
                "description": "Enable System Assign Identity for Azure Container Registry"
            }
        },
        "userAssignedIdentities": {
            "type": "object",
            "defaultValue": {},
            "metadata": {
                "description": "The list of user identity resource ids to associate with the Azure Container Registry"
            }
        },
        "enableAdminUser": {
            "type": "bool",
            "defaultValue": false,
            "metadata": {
                "description": "Enable admin user"
            }
        },
        "publicNetworkAccess": {
            "type": "string",
            "defaultValue": "Enabled",
            "allowedValues": [
                "Disabled",
                "Enabled"
            ],
            "metadata": {
                "description": "Enable public network access"
            }
        },
        "zoneRedundancy": {
            "type": "string",
            "defaultValue": "Disabled",
            "allowedValues": [
                "Disabled",
                "Enabled"
            ],
            "metadata": {
                "description": "Enable zone redundancy"
            }
        },
        "PublicNetworkdefaultAction": {
            "type": "string",
            "defaultValue": "Deny",
                "allowedValues": [
                "Deny",
                "Allow"
            ]
        },
        "ipRules": {
            "type": "object",
            "defaultValue": {},
            "metadata": {
                "defaultAction": "The default action of allow or deny when no other rules match. Valid values are Allow/Deny",
                "ipRules": [
                    {
                        "action": "Allow",
                        "value": "Specifies the IP or IP range in CIDR format. Only IPV4 address is allowed"
                    }
                ],
                "description": "The network rule set for a container registry"
            }
        },
        "networkRuleBypassOptions": {
            "type": "string",
            "defaultValue": "AzureServices",
            "allowedValues": [
                "AzureServices",
                "None"
            ],
            "metadata": {
                "description": "Allow trusted Azure services to access a network restricted registry"
            }
        },
        "ContentTrust": {
            "type": "string",
            "defaultValue": "Enabled",
            "allowedValues": [
                "Enabled",
                "Disabled"
            ]
        },
        "enableDiagnosticSettings": {
            "type": "bool",
            "defaultValue": false,
            "metadata": {
                "description": "Set this to true to create Diagnostic Settings"
            }
        },
        "enableDiagnosticMetrics": {
          "type": "bool",
          "defaultValue": false,
          "metadata": {
            "description": "Set this to true to create Diagnostic  metrics"
          }
        },
        "policies": {
            "type": "object",
            "defaultValue": { 
                "trustPolicy": {
                "type": "Notary",
                "status": "[parameters('ContentTrust')]"
                    }
                    },
            "metadata": {
                "exportPolicy": {
                    "status": "The value that indicates whether the policy is enabled or not. Valid values are enabled/disabled"
                },
                "quarantinePolicy": {
                    "status": "The value that indicates whether the policy is enabled or not. Valid values are enabled/disabled"
                },
                "retentionPolicy": {
                    "status": "The value that indicates whether the policy is enabled or not. Valid values are enabled/disabled",
                    "days": "The number of days to retain an untagged manifest after which it gets purged"
                },
                "trustPolicy": {
                    "status": "The value that indicates whether the policy is enabled or not. Valid values are enabled/disabled"
                },
                "description": "Azure Container Registry policies"
            }
        },
        "omsWorkspaceSubscription":{  
            "type":"string",
            "defaultValue": "243c6a66-9da2-4ec6-8108-9a4058682456"
        },
        "omsWorkspaceResourceGroup":{  
            "type":"string",
            "defaultValue": "sb-hi-dev-hidp-tst-eastus-applogs"
        },
        "omsWorkspaceName":{  
            "type":"string",
            "defaultValue": "hidp-tst-eastus-applogs-workspace"
        }
    },
    "variables": {
        "shortResourceGroupId": "[take(uniqueString(resourceGroup().id),3)]",
        "uniqueAcrName": "[concat(parameters('acrName'),variables('shortResourceGroupId'))]",
         "metrics": [{
                        "enabled": true,
                        "category": "AllMetrics"
                    }]
    },
    "resources": [
        {
            "type": "Microsoft.ContainerRegistry/registries",
            "apiVersion": "2021-09-01",
            "name": "[variables('uniqueAcrName')]",
            "location": "[parameters('location')]",
            "sku": {
                "name": "[parameters('acrSku')]"
            },
            "identity": "[if(parameters('enableSystemIdentity'), createObject('type', 'SystemAssigned'), if(not(empty(parameters('userAssignedIdentities'))), createObject('type', 'UserAssigned', 'userAssignedIdentities', parameters('userAssignedIdentities')), null()))]",
            "properties": {
                "adminUserEnabled": "[parameters('enableAdminUser')]",
                "publicNetworkAccess": "[parameters('publicNetworkAccess')]",
                "zoneRedundancy": "[parameters('zoneRedundancy')]",
                "networkRuleBypassOptions": "[parameters('networkRuleBypassOptions')]",
                 "networkRuleSet": {
                    "defaultAction": "[parameters('PublicNetworkdefaultAction')]",
                    "ipRules": "[if(not(empty(parameters('ipRules'))), createObject('defaultAction', parameters('ipRules').defaultAction, 'ipRules', parameters('ipRules').ipRules), createObject())]"
                },
                "policies": "[parameters('policies')]"
            }
        },
        { 
            "condition": "[parameters('enableDiagnosticSettings')]", 
            "type":"Microsoft.ContainerRegistry/registries/providers/diagnosticsettings",
            "name":"[concat(variables('uniqueAcrName'), '/Microsoft.Insights/service')]",
            "apiVersion":"2021-05-01-preview",
            "location":"[parameters('location')]",
            "dependsOn":[  
                    "[resourceId('Microsoft.ContainerRegistry/registries/', variables('uniqueAcrName'))]"
            ],
            "properties":{  
                "workspaceId":"[resourceId(parameters('omsWorkspaceSubscription') ,parameters('omsWorkspaceResourceGroup'), 'Microsoft.OperationalInsights/workspaces', parameters('omsWorkspaceName'))]",
                    "logs": [
                            {
                                "categoryGroup": "audit",
                                "enabled": true
                            },
                            {
                                "categoryGroup": "allLogs",
                                "enabled": true
                            }
                        ],
                        "metrics": "[if(parameters('enableDiagnosticmetrics'), variables('metrics'), json('null'))]"
            }   
        }
    ],
    "outputs": {
        "name": {
            "type": "string",
            "value": "[variables('uniqueAcrName')]"
        },
        "Id": {
            "type": "string",
            "value": "[resourceId('Microsoft.ContainerRegistry/registries', variables('uniqueAcrName'))]"
        },
        "acrLoginServer": {
            "type": "string",
            "value": "[reference(resourceId('Microsoft.ContainerRegistry/registries', variables('uniqueAcrName'))).loginServer]"
        }
    }
}
