{
    "$schema": "https://schema.management.azure.com/schemas/2019-04-01/deploymentTemplate.json#",
    "contentVersion": "1.0.0.0",
    "parameters": {
        "name": {
            "type": "string",
            "defaultValue": "aks",
            "metadata": {
                "description": "The name of the Managed Cluster resource."
            }
        },
        "location": {
            "type": "string",
            "defaultValue": "[resourceGroup().location]",
            "metadata": {
                "description": "description"
            }
        },
        "osDiskSizeGB": {
            "type": "int",
            "defaultValue": 128,
            "maxValue": 1023,
            "minValue": 0,
            "metadata": {
                "description": "Disk size (in GB) to provision for each of the agent pool nodes. This value ranges from 0 to 1023. Specifying 0 will apply the default disk size for that agentVMSize."
            }
        },
        "aksVnetName": {
            "type": "string",
            "defaultValue": "aks-vnet",
            "metadata": {
                "description": "Virtual Network Name"
            }
        },

        "aksVnetSubnetName": {
            "type": "string",
            "defaultValue": "aks-subnet",
            "metadata": {
                "description": "Virtual Network Subnet Name"
            }
        },
        "kubernetesVersion": {
            "defaultValue": "1.23.12",
            "type": "string",
            "metadata": {
                "description": "The version of Kubernetes."
            }
        },

        "maxPods": {
            "type": "int",
            "defaultValue": 30,
            "metadata": {
                "description": "Maximum number of pods per node"
            }
        },

        "networkPlugin": {
            "allowedValues": [
                "azure",
                "kubenet"
            ],
            "defaultValue": "kubenet",
            "type": "string",
            "metadata": {
                "description": "Network plugin used for building Kubernetes network."
            }
        },
        "networkPolicy": {
            "allowedValues": [
                "azure",
                "calico"
            ],
            "defaultValue": "calico",
            "type": "string",
            "metadata": {
                "description": "Network policy used for building Kubernetes network."
            }
        },
        "serviceCidr": {
            "type": "string",
            "defaultValue": "10.1.0.0/16",
            "metadata": {
                "description": "A CIDR notation IP range from which to assign service cluster IPs."
            }
        },
        "dnsServiceIP": {
            "type": "string",
            "defaultValue": "10.1.0.10",
            "metadata": {
                "description": "Containers DNS server IP address."
            }
        },
        "dockerBridgeCidr": {
            "type": "string",
            "defaultValue": "172.17.0.1/16",
            "metadata": {
                "description": "A CIDR notation IP for Docker bridge."
            }
        },

        "enableRBAC": {
            "defaultValue": true,
            "type": "bool",
            "metadata": {
                "description": "boolean flag to turn on and off of RBAC"
            }
        },

        "workspaceResourceGroup": {
            "type": "string",
            "defaultValue": "health-insights",
            "metadata": {
                "description": "Log Analytics workspace resource group name"
            }
        },
        "workspaceName": {
            "type": "string",
            "defaultValue": "hi-dp-dev-eastus-law",
            "metadata": {
                "description": "Log Analytics workspace name that has the Container Insights solution enabled"
            }
        },

        "enableMonitorAndLogging": {
            "type": "bool",
            "defaultValue": false,
            "metadata": {
                "description": "To enable or disable Monitoring and Logging for AKS"
            }
        },
        "agentPoolProfiles": {
            "type": "array",
            "metadata": {
                "description": "Define one or multiple node pools"
            },
            "defaultValue": [
                {
                    "name": "systempool",
                    "nodeCount": 1,
                    "nodeVmSize": "Standard_B2s",
                    "osType": "Linux",
                    "enableAutoScaling": false,
                    "mode": "System",
                    "availabilityZones": [ "1", "2", "3" ],
                    "nodeTaints": [],
                    "nodeLabels": {}
                },
                {
                    "name": "userpool",
                    "nodeCount": 1,
                    "nodeVmSize": "Standard_B2s",
                    "mode": "User",
                    "availabilityZones": [ "1", "2", "3" ],
                    "osType": "Linux",
                    "enableAutoScaling": true,
                    "maxCount": 4,
                    "minCount": 1,
                    "nodeTaints": [],
                    "nodeLabels": {
                        "worker-type": "application"
                    }
                }

            ]
        },
        "vnetResourceGroupName": {
            "type": "string",
            "defaultValue": "[resourceGroup().name]",
            "metadata": {
                "description": "Virtual Network resource group name"
            }
        },
        "enablePrivateCluster": {
            "defaultValue": false,
            "type": "bool",
            "metadata": {
                "description": "Specifies whether to create the cluster as a private cluster or not."
            }
        },
        "azurePolicyEnabled": {
            "type": "bool",
            "defaultValue": true,
            "metadata": {
                "description": "Specifies whether the azurepolicy add-on is enabled or not."
            }
        },
        "userAssignedIdentityId": {
            "type": "securestring",
            "defaultValue": null,
            "metadata": {
                "description": "User Assigned Managed Identity for AKS"
            }
        },
        "aksClusterOutboundType": {
            "defaultValue": "loadBalancer",
            "type": "string",
            "allowedValues": [
                "loadBalancer",
                "userDefinedRouting"
            ],
            "metadata": {
                "description": "Specifies outbound (egress) routing method. - loadBalancer or userDefinedRouting."
            }
        },
        "aadProfileTenantId": {
            "defaultValue": "[subscription().tenantId]",
            "type": "string",
            "metadata": {
                "description": "Specifies the tenant id of the Azure Active Directory used by the AKS cluster for authentication."
            }
        },
        "aadProfileAdminGroupObjectIDs": {
            "defaultValue": [],
            "type": "array",
            "metadata": {
                "description": "Specifies the AAD group object IDs that will have admin role of the cluster."
            }
        },
        "aadProfileManaged": {
            "defaultValue": true,
            "type": "bool",
            "metadata": {
                "description": "Specifies whether to enable managed AAD integration."
            }
        },
        "aadProfileEnableAzureRBAC": {
            "defaultValue": true,
            "type": "bool",
            "metadata": {
                "description": "Specifies whether to  to enable Azure RBAC for Kubernetes authorization."
            }
        },
        "nodeResourceGroup": {
            "type": "string",
            "defaultValue": "aks-rg",
            "metadata": {
                "description": "Name of dedicated AKS resource group"
            }
        },
        "enableAuthorizedIPRanges": {
            "type": "bool",
            "defaultValue": true,
            "metadata": {
                "description": "Set to true to enable Authorized IP ranges for AKS API server"
            }
        },
        "apiServerAuthorizedIPRanges": {
            "type": "array",
            "defaultValue": [],
            "metadata": {
                "description": "IP ranges to be whitelisted for accessing AKS API server"
            }
        }
    },
    "variables": {
        "apiVersion": {
            "aks": "2022-03-01"
        },
        "logAnalytics": {
            "workspaceId": "[resourceId(parameters('workspaceResourceGroup'),'Microsoft.OperationalInsights/workspaces',parameters('workspaceName'))]"
        },
        "agentPoolProfiles": {
            "vnetSubnetId": "[resourceId(parameters('vnetResourceGroupName'), 'Microsoft.Network/virtualNetworks/subnets', parameters('aksVnetName'), parameters('aksVnetSubnetName'))]"
        },
        "aadProfile": {
            "clientAppId": null,
            "serverAppId": null,
            "serverAppSecret": null,
            "managed": "[parameters('aadProfileManaged')]",
            "enableAzureRBAC": "[parameters('aadProfileEnableAzureRBAC')]",
            "adminGroupObjectIDs": "[parameters('aadProfileAdminGroupObjectIDs')]",
            "tenantID": "[parameters('aadProfileTenantId')]"
        }
    },
    "resources": [
        {
            "apiVersion": "[variables('apiVersion').aks]",
            "type": "Microsoft.ContainerService/managedClusters",
            "name": "[parameters('name')]",
            "location": "[parameters('location')]",
            "identity": {
                "type": "UserAssigned",
                "userAssignedIdentities": {
                    "[parameters('userAssignedIdentityId')]": {}
                }
            },
            "properties": {
                "kubernetesVersion": "[parameters('kubernetesVersion')]",
                "enableRBAC": "[parameters('enableRBAC')]",
                "dnsPrefix": "[parameters('name')]",
                "nodeResourceGroup": "[parameters('nodeResourceGroup')]",
                "addonProfiles": {
                    "omsagent": {
                        "enabled": "[parameters('enableMonitorAndLogging')]",
                        "config": {
                            "logAnalyticsWorkspaceResourceID": "[if(parameters('enableMonitorAndLogging'),variables('logAnalytics').workspaceId,json('null'))]"
                        }
                    },
                    "azurepolicy": {
                        "enabled": "[parameters('azurePolicyEnabled')]",
                        "config": {
                            "version": "v2"
                        }
                    }
                },
                "copy": [
                    {
                        "name": "agentPoolProfiles",
                        "count": "[length(parameters('agentPoolProfiles'))]",
                        "input": {
                            "name": "[parameters('agentPoolProfiles')[copyIndex('agentPoolProfiles')].name]",
                            "maxPods": "[parameters('maxPods')]",
                            "osDiskSizeGB": "[parameters('osDiskSizeGB')]",
                            "mode": "[parameters('agentPoolProfiles')[copyIndex('agentPoolProfiles')].mode]",
                            "count": "[parameters('agentPoolProfiles')[copyIndex('agentPoolProfiles')].nodeCount]",
                            "vmSize": "[parameters('agentPoolProfiles')[copyIndex('agentPoolProfiles')].nodeVmSize]",
                            "osType": "Linux",
                            "vnetSubnetID": "[variables('agentPoolProfiles').vnetSubnetId]",
                            "enableAutoScaling": "[if(parameters('agentPoolProfiles')[copyIndex('agentPoolProfiles')].enableAutoScaling, parameters('agentPoolProfiles')[copyIndex('agentPoolProfiles')].enableAutoScaling, json('null'))]",
                            "maxCount": "[if(parameters('agentPoolProfiles')[copyIndex('agentPoolProfiles')].enableAutoScaling, parameters('agentPoolProfiles')[copyIndex('agentPoolProfiles')].maxCount, json('null'))]",
                            "minCount": "[if(parameters('agentPoolProfiles')[copyIndex('agentPoolProfiles')].enableAutoScaling, parameters('agentPoolProfiles')[copyIndex('agentPoolProfiles')].minCount, json('null'))]",
                            "type": "VirtualMachineScaleSets",
                            "availabilityZones": "[if(equals(parameters('location'),'eastus'),parameters('agentPoolProfiles')[copyIndex('agentPoolProfiles')].availabilityZones,json('null'))]",
                            "nodeLabels": "[parameters('agentPoolProfiles')[copyIndex('agentPoolProfiles')].nodeLabels]",
                            "nodeTaints": "[parameters('agentPoolProfiles')[copyIndex('agentPoolProfiles')].nodeTaints]"
                        }
                    }
                ],
                "networkProfile": {
                    "networkPlugin": "[parameters('networkPlugin')]",
                    "networkPolicy": "[parameters('networkPolicy')]",
                    "serviceCidr": "[parameters('serviceCidr')]",
                    "dnsServiceIp": "[parameters('dnsServiceIP')]",
                    "dockerBridgeCidr": "[parameters('dockerBridgeCidr')]",
                    "outboundType": "[parameters('aksClusterOutboundType')]",
                    "loadBalancerProfile": "[json('null')]"
                },
                "aadProfile": "[if(not(parameters('aadProfileManaged')), json('null'), variables('aadProfile'))]",
                "apiServerAccessProfile": {
                    "authorizedIPRanges": "[if(parameters('enableAuthorizedIPRanges'),parameters('apiServerAuthorizedIPRanges'),json('null'))]",
                    "enablePrivateCluster": "[parameters('enablePrivateCluster')]"
                }
            }
        }
    ],
    "outputs": {
        "controlPlaneFQDN": {
            "type": "string",
            "value": "[reference(resourceId('Microsoft.ContainerService/managedClusters', parameters('name'))).fqdn]"
        },
        "Id": {
            "type": "string",
            "value": "[resourceId('Microsoft.ContainerService/managedClusters', parameters('name'))]"
        }
    }
}