{
    "$schema": "https://schema.management.azure.com/schemas/2019-04-01/deploymentTemplate.json#",
    "contentVersion": "1.0.0.0",
    "parameters": {
        "name": {
            "type": "string",
            "metadata": {
                "description": "Name of Application Insights resource."
            }
        },
        "regionId": {
            "type": "string",
            "defaultValue": "[resourceGroup().location]",
            "metadata": {
                "description": "Which Azure Region to deploy the resource to. This must be a valid Azure regionId."
            }
        }
    },
    "resources": [
        {
            "type": "Microsoft.Insights/components",
            "apiVersion": "2020-02-02",
            "name": "[parameters('name')]",
            "location": "[parameters('regionId')]",
            "kind": "web",
            "properties": {
                "Application_Type": "web"
            }
        }
    ],
    "outputs": {
        "Id": {
            "value": "[resourceId('Microsoft.Insights/components', parameters('name'))]",
            "type": "string"
        }
    }
}