{
  "$schema": "https://schema.management.azure.com/schemas/2019-04-01/deploymentTemplate.json#",
  "contentVersion": "1.0.0.0",
  "parameters": {
    "name": {
      "type": "string",
      "metadata": {
        "description": "ML workspace name"
      }
    },
    "location": {
      "type": "string",
      "defaultValue": "[resourceGroup().location]",
      "metadata": {
        "description": "Location where ML needs to be deployed"
      }
    },
    "hbiWorkspace": {
      "type": "bool",
      "defaultValue": false,
      "metadata": {
        "description": "Specifies whether to reduce telemetry collection and enable additional encryption."
      }
    },
    "storageAccountId": {
      "type": "string",
      "metadata": {
        "description": "storage account associated with this workspace. This cannot be changed once the workspace has been created"
      }
    },
    "KeyvaultId": {
      "type": "string",
      "metadata": {
        "description": "key vault associated with this workspace. This cannot be changed once the workspace has been created"
      }
    },
    "containerRegistryId": {
      "type": "string",
      "metadata": {
        "description": "container registry associated with this workspace. This cannot be changed once the workspace has been created"
      }
    },
    "applicationInsightsId": {
      "type": "string",
      "metadata": {
        "description": "application insights associated with this workspace. This cannot be changed once the workspace has been created"
      }
    },
    "userAssignedIdentity": {
      "type": "securestring",
      "defaultValue": null,
      "metadata": {
        "description": "User Assigned Identity for ML Workspace."
      }
    }
  },
  "resources": [
    {
      "type": "Microsoft.MachineLearningServices/workspaces",
      "apiVersion": "2020-03-01",
      "identity": {
        "type": "UserAssigned",
        "userAssignedIdentities": {
          "[parameters('userAssignedIdentity')]": {}
        }
      },
      "name": "[parameters('name')]",
      "location": "[parameters('location')]",
      "properties": {
        "friendlyName": "[parameters('name')]",
        "storageAccount": "[parameters('storageAccountId')]",
        "keyVault": "[parameters('KeyvaultId')]",
        "primaryUserAssignedIdentity": "[parameters('userAssignedIdentity')]",
        "applicationInsights": "[parameters('applicationInsightsId')]",
        "containerRegistry": "[parameters('containerRegistryId')]",
        "hbiWorkspace": "[parameters('hbiWorkspace')]"
      }
    }
  ],
  "outputs": {
    "workspaceName": {
      "type": "string",
      "value": "[parameters('name')]"
    },
    "Id": {
      "type": "string",
      "value": "[resourceId('Microsoft.MachineLearningServices/workspaces', parameters('name'))]"
    }
  }
}
