{
  "$schema": "https://schema.management.azure.com/schemas/2019-04-01/deploymentTemplate.json#",
  "contentVersion": "1.0.0.0",
  "parameters": {
    "workspaceName": {
      "type": "string",
      "defaultValue": "amlworkspace",
      "metadata": {
        "description": "name of the Azure Machine Learning Workspace."
      }
    },
    "clusterName": {
      "type": "string",
      "metadata": {
        "description": "name of the Azure Machine Learning Compute cluster."
      }
    },
    "minNodeCount": {
      "defaultValue": 1,
      "type": "int",
      "metadata": {
        "description": "The minimum number of nodes to use on the cluster."
      }
    },
    "maxNodeCount": {
      "defaultValue": 2,
      "type": "int",
      "metadata": {
        "description": " The maximum number of nodes to use on the cluster."
      }
    },
    "location": {
      "defaultValue": "[resourceGroup().location]",
      "type": "string",
      "metadata": {
        "description": "The location of the Azure Machine Learning Workspace."
      }
    },
    "adminUserName": {
      "defaultValue": null,
      "type": "securestring",
      "metadata": {
        "description": "The name of the administrator user account which can be used to SSH into nodes. It must only contain lower case alphabetic characters [a-z]."
      }
    },
    "adminUserPassword": {
      "defaultValue": null,
      "type": "securestring",
      "metadata": {
        "description": "The password of the administrator user account."
      }
    },
    "vmSize": {
      "defaultValue": "Standard_DS12_V2",
      "type": "string",
      "metadata": {
        "description": " The size of agent VMs."
      }
    },
    "vnetResourceGroupName": {
      "type": "string",
      "metadata": {
        "description": "Name of the resource group"
      }
    },
    "vnetName": {
      "type": "string",
      "metadata": {
        "description": "Name of the compute vnet."
      }
    },
    "subnetName": {
      "type": "string",
      "metadata": {
        "description": "Name of the compute subnet."
      }
    }
  },
  "variables": {
    "subnet": {
      "id": "[resourceId(parameters('vnetResourceGroupName'), 'Microsoft.Network/virtualNetworks/subnets', parameters('vnetName'), parameters('subnetName'))]"
    }
  },
  "resources": [
    {
      "type": "Microsoft.MachineLearningServices/workspaces/computes",
      "apiVersion": "2021-01-01",
      "name": "[concat(parameters('workspaceName'), '/', parameters('clusterName'))]",
      "location": "[parameters('location')]",
      "properties": {
        "computeType": "AmlCompute",
        "properties": {
          "vmSize": "[parameters('vmSize')]",
          "scaleSettings": {
            "minNodeCount": "[parameters('minNodeCount')]",
            "maxNodeCount": "[parameters('maxNodeCount')]"
          },
          "userAccountCredentials": {
            "adminUserName": "[parameters('adminUserName')]",
            "adminUserPassword": "[parameters('adminUserPassword')]"
          },
          "subnet": "[if(and(not(empty(parameters('vnetResourceGroupName'))),not(empty(parameters('vnetName'))),not(empty(parameters('subnetName')))), variables('subnet'), json('null'))]"
        }
      }
    }
  ],
  "outputs": {
    "Id": {
      "type": "string",
      "value": "[resourceId('Microsoft.MachineLearningServices/workspaces/computes',parameters('clusterName'))]"
    }
  }
}
