{
    "$schema": "https://schema.management.azure.com/schemas/2019-04-01/deploymentTemplate.json#",
    "contentVersion": "1.0.0.0",
    "parameters": {
        "solutionName": {
            "type": "string",
            "defaultValue": "hi-dp",
            "maxLength": 10,
            "minLength": 1,
            "metadata": {
                "description": "solution name"
            }
        },
        "environmentName": {
            "type": "string",
            "defaultValue": "dev",
            "maxLength": 10,
            "minLength": 1,
            "metadata": {
                "description": "environment name"
            }
        },
        "location": {
            "type": "string",
            "defaultValue": "[resourceGroup().location]",
            "metadata": {
                "description": "deployment region"
            }
        },
        "vaultSubscription": {
            "type": "string",
            "defaultValue": "[subscription().subscriptionId]",
            "metadata": {
                "description": "The name of the subscription that contains the pre-deploy keyvault."
            }
        },
        "vaultResourceGroupName": {
            "type": "string",
            "defaultValue": "hi-dp-dev-eastus-cloudsvc",
            "metadata": {
                "description": "The name of the resource group that contains the keyvault."
            }
        },
        "preDeployVaultName": {
            "type": "string",
            "defaultValue": "hi-dp-dev-eastus-arm",
            "metadata": {
                "description": "Name of pre-deployment keyvault"
            }
        },
        "customPrefix": {
            "type": "string",
            "defaultValue": "",
            "metadata": {
                "description": "Can be used to override default prefix"
            }
        },
        "aksName": {
            "type": "string",
            "defaultValue": "aks",
            "metadata": {
                "description": "The name of the Managed Cluster resource."
            }
        },
        "enableAksMonitorAndLogging": {
            "type": "bool",
            "defaultValue": false,
            "metadata": {
                "description": "To enable or disable OMS and Loganalytics for the AKS cluster"
            }
        },
        "OpsVnetResourceGroupName": {
            "type": "string",
            "defaultValue": "ops-rg",
            "metadata": {
                "description": "AKS Vnet resource group"
            }
        },
        "OpsVnetName": {
            "type": "string",
            "defaultValue": "ops-vnet",
            "metadata": {
                "description": "Name of the AKS Vnet."
            }
        },
        "aksSubnetName": {
            "type": "string",
            "defaultValue": "aks-subnet",
            "metadata": {
                "description": "Name of the AKS subnet."
            }
        },
        "vmSubentName": {
            "type": "string",
            "defaultValue": "vms-subnet",
            "metadata": {
                "description": "Name of the VMs subnet."
            }
        },
        "kvName": {
            "type": "string",
            "defaultValue": "keyvault",
            "metadata": {
                "description": "Specifies the name of the key vault."
            }
        },
        "saName": {
            "type": "string",
            "defaultValue": "sa",
            "metadata": {
                "description": "Unique Name for the Storage Account"
            }
        },
        "containerName": {
            "type": "string",
            "defaultValue": "logs",
            "metadata": {
                "description": "Storage Container Name"
            }
        },
        "containerCount": {
            "type": "int",
            "defaultValue": 2,
            "metadata": {
                "description": "Storage Container Count"
            }
        },
        "aksUserIdentityName": {
            "type": "string",
            "defaultValue": "identity",
            "metadata": {
                "description": "User Assigned Managed Identity Name for AKS"
            }
        },
        "aksEnableManagedAAD": {
            "type": "bool",
            "defaultValue": true,
            "metadata": {
                "description": "Specifies whether to enable managed AAD integration."
            }
        },
        "aksEnableAADForRbac": {
            "type": "bool",
            "defaultValue": true,
            "metadata": {
                "description": "Specifies whether to  to enable Azure RBAC for Kubernetes authorization."
            }
        },
        "aksAdminGroupIds": {
            "type": "array",
            "defaultValue": [ "dcdd372f-eb6c-41bb-b7df-ea5e0ac3b79f" ],
            "metadata": {
                "description": "List of AD group Ids for assign AKS cluster admin role"
            }
        },
        "acrName": {
            "type": "string",
            "defaultValue": "azcr",
            "metadata": {
                "description": "Azure Container Registry name"
            }
        },
        "acrSku": {
            "type": "string",
            "defaultValue": "Premium",
            "metadata": {
                "description": "Azure Container Registry tier"
            }
        },
        "postgresSQLServerName": {
            "type": "string",
            "defaultValue": "sql",
            "metadata": {
                "description": "PostgreSQL server name"
            }
        },
        "postgreSQLAdminUserName": {
            "type": "string",
            "defaultValue": "psqladmin",
            "metadata": {
                "description": "Database administrator login name"
            }
        },
        "postgresflxServerName": {
            "type": "string",
            "defaultValue": "flx",
            "metadata": {
                "description": "PostgreSQL server name"
            }
        },
        "postgreflxAdminUserName": {
            "type": "string",
            "defaultValue": "psqladmin",
            "metadata": {
                "description": "Database administrator login name"
            }
        },
        "enableResourceGroupLock": {
            "type": "bool",
            "defaultValue": false,
            "metadata": {
                "description": "Enable or Disable Authorization resource locks. Requires Microsoft.Authorization/write permissions."
            }
        },
        "enablecosmosdb-mongo-api": {
            "type": "bool",
            "defaultValue": true,
            "metadata": {
                "description": "Enable or Disable cosmosdb-mongo-api."
            }
        },
        "mongoAccountName": {
            "type": "string",
            "defaultValue": "mongoac",
            "metadata": {
                "description": "Mongo DB Account Name"
            }
        },
        "mongoDBName": {
            "type": "string",
            "defaultValue": "mongoapi",
            "metadata": {
                "description": "Mongo Database Name"
            }
        },
        "mongoCollectionName": {
            "type": "string",
            "defaultValue": "api",
            "metadata": {
                "description": "Mongo database mongo api collection name"
            }
        },
        "mongoPrimaryRegion": {
            "type": "string",
            "defaultValue": "East US",
            "metadata": {
                "description": "The primary replica region for the Mongo DB mongo api account."
            }
        },
        "enableHDInsights": {
            "type": "bool",
            "defaultValue": false,
            "metadata": {
                "description": "Enable or Disable hdisights."
            }
        },
        "hdInsightsClusterName": {
            "type": "string",
            "defaultValue": "kafka",
            "metadata": {
                "description": "The name of the Kafka cluster to create. This must be a unique name."
            }
        },
        "clusterLoginUserName": {
            "type": "string",
            "defaultValue": "kafkaadmin",
            "metadata": {
                "description": "These credentials can be used to submit jobs to the cluster and to log into cluster dashboards."
            }
        },
        "hdInsightsSSHuserName": {
            "type": "string",
            "defaultValue": "sshkafka",
            "metadata": {
                "description": "These credentials can be used to remotely access the cluster."
            }
        },
        "createVM": {
            "type": "bool",
            "defaultValue": false,
            "metadata": {
                "description": "Set this to true to create virtual machine(s)"
            }
        },
        "vmName": {
            "type": "string",
            "defaultValue": "vm",
            "metadata": {
                "description": "Virtual Machine Host Name"
            }
        },
        "vmAdminUserName": {
            "type": "string",
            "defaultValue": "vmadmin",
            "metadata": {
                "description": "Admin username for VM"
            }
        },
        "vmavailabilitySetName": {
            "type": "string",
            "defaultValue": "sam-dev-eastus-avset",
            "metadata": {
                "description": "availabilitySet Name"
            }
        },
        "vmloadBalancerName": {
            "type": "string",
            "defaultValue": "sam-dev-eastus-lb",
            "metadata": {
                "description": "load balancer name"
            }
        },
        "bastionName": {
            "type": "string",
            "defaultValue": "bastionHost",
            "metadata": {
                "description": "Name of Azure Bastion resource."
            }
        },
        "enableaks": {
            "type": "bool",
            "defaultValue": false,
            "metadata": {
                "description": "Enable or Disable aks resource deployment"
            }
        },
          "enableroleassignment": {
            "type": "bool",
            "defaultValue": false,
            "metadata": {
                "description": "Enable or Disable roleassignment resource deployment"
            }
        },
        "enableacr": {
            "type": "bool",
            "defaultValue": false,
            "metadata": {
                "description": "Enable or Disable acr resource deployment"
            }
        },
        "enablepostgresql": {
            "type": "bool",
            "defaultValue": false,
            "metadata": {
                "description": "Enable or Disable postgresql resource deployment"
            }
        },
        "enablepostgresqlflexible": {
            "type": "bool",
            "defaultValue": false,
            "metadata": {
                "description": "Enable or Disable postgresqlflexible resource deployment"
            }
        },
          "enablebastion": {
            "type": "bool",
            "defaultValue": false,
            "metadata": {
                "description": "Enable or Disable bastion resource deployment"
            }
        }
    },
    "variables": {
        "apiVersion": "2021-04-01",
        "defaultPrefix": "[concat(parameters('solutionName'),'-',parameters('environmentName'),'-',parameters('location'))]",
        "prefix": "[if(empty(parameters('customPrefix')),variables('defaultPrefix'),parameters('customPrefix'))]",
        "aksClusterName": "[concat(variables('prefix'),'-',parameters('aksName'))]",
        "aksNodeResourceGroup": "[concat(variables('prefix'),'-',parameters('aksName'))]",
        "computeRGName": "[concat(variables('prefix'),'-','compute')]",
        "cloudsvcRGName": "[concat(variables('prefix'),'-','cloudsvc')]",
        "keyVaultName": "[concat(variables('prefix'),'-',parameters('kvName'))]",
        "storageAccountName": "[concat(replace(variables('prefix'),'-',''),parameters('saName'))]",
        "aksUserAssingedIdentityName": "[concat(variables('prefix'),'-',parameters('aksUserIdentityName'))]",
        "postgreSQLServerName": "[concat(variables('prefix'),'-',parameters('postgresSQLServerName'))]",
        "postgresflxServerName": "[concat(variables('prefix'),'-',parameters('postgresflxServerName'))]",
        "cosmosaccountName": "[concat(variables('prefix'),'-',parameters('mongoAccountName'))]",
        "hdinsightclusterName": "[concat(variables('prefix'),'-',parameters('hdInsightsClusterName'))]",
        "virtualmachinename": "[concat(variables('prefix'),'-',parameters('vmName'))]",
        "removeHypenFromPrefix": "[replace(variables('prefix'),'-','')]",
        "containerRegistryName": "[concat(variables('removeHypenFromPrefix'),parameters('acrName'))]",
        "computeRGLockName": "[concat(variables('computeRGName'),'-','lock')]",
        "cloudSVCLockName": "[concat(variables('cloudsvcRGName'),'-','lock')]",
        "computeLockDeployment": "[variables('computeRGLockName')]",
        "cloudSVCLockDeployment": "[variables('cloudSVCLockName')]",
        "identityDeploymentName": "[concat(variables('aksClusterName'),'-','identity')]",
        "aksDeploymentName": "[concat(variables('prefix'),'-','aks')]",
        "kvptDeploymentName": "[concat(variables('prefix'),'-','ptkeyvault')]",
        "kvDeploymentName": "[concat(variables('prefix'),'-','keyvault')]",
        "saptDeploymentName": "[concat(variables('prefix'),'-','ptstorage')]",
        "saDeploymentName": "[concat(variables('prefix'),'-','storage')]",
        "roleAssignmentsDeploymentName": "[concat(variables('prefix'),'-','roleassignment')]",
        "acrDeploymentName": "[concat(variables('prefix'),'-','acr')]",
        "postgreSQLDeploymentName": "[concat(variables('prefix'),'-','postgres')]",
        "postgreflxDeploymentName": "[concat(variables('prefix'),'-','postgresflx')]",
        "cosmosdbDeploymentName": "[concat(variables('prefix'),'-','cosmos')]",
        "hdinsightDeploymentName": "[concat(variables('prefix'),'-','hdinsights')]",
        "vmDeploymentName": "[concat(variables('prefix'),'-','vm')]",
        "bastionhostDeploymentName": "[concat(variables('prefix'),'-','bastionhost')]"
    },
    "resources": [
        {
            "condition": "[parameters('enableaks')]",
            "name": "[variables('aksDeploymentName')]",
            "type": "Microsoft.Resources/deployments",
            "apiVersion": "[variables('apiVersion')]",
            "resourceGroup": "[variables('computeRGName')]",
            "properties": {
                "mode": "Incremental",
                "templateLink": {
                    "relativePath": "aks.json"
                },
                "parameters": {
                    "name": {
                        "value": "[variables('aksClusterName')]"
                    },
                    "location": {
                        "value": "[parameters('location')]"
                    },
                    "vnetResourceGroupName": {
                        "value": "[parameters('OpsVnetResourceGroupName')]"
                    },
                    "nodeResourceGroup": {
                        "value": "[variables('aksNodeResourceGroup')]"
                    },
                    "aksVnetName": {
                        "value": "[parameters('OpsVnetName')]"
                    },
                    "aksVnetSubnetName": {
                        "value": "[parameters('aksSubnetName')]"
                    },
                    "enableMonitorAndLogging": {
                        "value": "[parameters('enableAksMonitorAndLogging')]"
                    },
                    "userAssignedIdentityId": {
                        "value": "[reference(variables('identityDeploymentName')).outputs.Id.value]"
                    },
                    "aadProfileManaged": {
                        "value": "[parameters('aksEnableManagedAAD')]"
                    },
                    "aadProfileEnableAzureRBAC": {
                        "value": "[parameters('aksEnableAADForRbac')]"
                    },
                    "aadProfileAdminGroupObjectIDs": {
                        "value": "[parameters('aksAdminGroupIds')]"
                    }
                }
            }
        },
        {
            "name": "[variables('kvDeploymentName')]",
            "type": "Microsoft.Resources/deployments",
            "apiVersion": "[variables('apiVersion')]",
            "resourceGroup": "[variables('cloudsvcRGName')]",
            "properties": {
                "mode": "Incremental",
                "templateLink": {
                    "relativePath": "keyvault.json"
                },
                "parameters": {
                    "keyVaultName": {
                        "value": "[variables('keyVaultName')]"
                    },
                    "location": {
                        "value": "[parameters('location')]"
                    },
                    "policies": {
                        "value": [{
                            "objectId": "[reference(variables('identityDeploymentName')).outputs.principalId.value]",
                            "tenantId": "[subscription().tenantId]",
                            "permissions": {
                                "keys": [
                                "Get",
                                "List"
                                ],
                                "secrets": [
                                "Get",
                                "List"
                                ],
                                "certificates": [
                                "Get",
                                "List"
                                ]
                            }
                        }]
                    }
                }
            }
        },
        {
            "name": "[variables('kvptDeploymentName')]",
            "dependsOn": [
            "[resourceId(parameters('vaultSubscription'),parameters('vaultResourceGroupName'),'Microsoft.Resources/deployments', variables('kvDeploymentName'))]"],
            "type": "Microsoft.Resources/deployments",
            "apiVersion": "[variables('apiVersion')]",
            "resourceGroup": "[variables('cloudsvcRGName')]",
            "properties": {
                "mode": "Incremental",
                "templateLink": {
                    "relativePath": "private-endpoints.json"
                },
                "parameters": {
                    "privateEndPointName": {
                        "value": "[concat(variables('keyVaultName'), '-', 'pt')]"
                    },
                    "privateLinkResourceName": {
                        "value": "[variables('keyVaultName')]"
                    },
                    "vnetResourceGroupName": {
                        "value": "[parameters('OpsVnetResourceGroupName')]"
                    },
                    "vnetName": {
                        "value": "[parameters('OpsVnetName')]"
                    },
                    "privateLinkResourceType": {
                        "value": "Microsoft.KeyVault/vaults"
                    },
                    "privateLinkServiceGroupName": {
                        "value": "vault"
                    }
                }
            }
        },
        {
            "name": "[variables('saDeploymentName')]",
            "type": "Microsoft.Resources/deployments",
            "apiVersion": "[variables('apiVersion')]",
            "resourceGroup": "[variables('cloudsvcRGName')]",
            "properties": {
                "mode": "Incremental",
                "templateLink": {
                    "relativePath": "storage-blob.json"
                },
                "parameters": {
                    "storageAccountName": {
                        "value": "[variables('storageAccountName')]"
                    },
                    "location": {
                        "value": "[parameters('location')]"
                    },
                    "storageContainerName": {
                        "value": "[parameters('containerName')]"
                    },
                    "storageContainerCount": {
                        "value": "[parameters('containerCount')]"
                    }
                }
            }
        },
        {
            "name": "[variables('saptDeploymentName')]",
            "type": "Microsoft.Resources/deployments",
            "apiVersion": "[variables('apiVersion')]",
            "resourceGroup": "[variables('cloudsvcRGName')]",
            "properties": {
                "mode": "Incremental",
                "templateLink": {
                    "relativePath": "private-endpoints.json"
                },
                "parameters": {
                    "privateEndPointName": {
                        "value": "[concat(variables('storageAccountName'), '-', 'pt')]"
                    },
                    "privateLinkResourceName": {
                        "value": "[reference(variables('saDeploymentName')).outputs.StorageAccountname.value]"
                    },
                    "vnetResourceGroupName": {
                        "value": "[parameters('OpsVnetResourceGroupName')]"
                    },
                    "vnetName": {
                        "value": "[parameters('OpsVnetName')]"
                    },
                    "privateLinkResourceType": {
                        "value": "Microsoft.Storage/storageAccounts"
                    },
                    "privateLinkServiceGroupName": {
                        "value": "blob"
                    }
                }
            }
        },
        {
            "condition": "[parameters('enableroleassignment')]",
            "name": "[variables('roleAssignmentsDeploymentName')]",
            "type": "Microsoft.Resources/deployments",
            "apiVersion": "[variables('apiVersion')]",
            "resourceGroup": "[variables('computeRGName')]",
            "properties": {
                "mode": "Incremental",
                "templateLink": {
                    "relativePath": "role-assignments.json"
                },
                "parameters": {
                    "principalId": {
                        "value": "[reference(variables('identityDeploymentName')).outputs.principalId.value]"
                    }
                }
            }
        },
        {
            "name": "[variables('identityDeploymentName')]",
            "type": "Microsoft.Resources/deployments",
            "apiVersion": "[variables('apiVersion')]",
            "resourceGroup": "[variables('computeRGName')]",
            "properties": {
                "mode": "Incremental",
                "templateLink": {
                    "relativePath": "user-identity.json"
                },
                "parameters": {
                    "userDefinedIdentityName": {
                        "value": "[variables('aksUserAssingedIdentityName')]"
                    },
                    "location": {
                        "value": "[parameters('location')]"
                    }
                }
            }
        },
        {
            "condition": "[parameters('enableacr')]",
            "name": "[variables('acrDeploymentName')]",
            "type": "Microsoft.Resources/deployments",
            "apiVersion": "[variables('apiVersion')]",
            "resourceGroup": "[variables('cloudsvcRGName')]",
            "properties": {
                "mode": "Incremental",
                "templateLink": {
                    "relativePath": "acr.json"
                },
                "parameters": {
                    "acrName": {
                        "value": "[variables('containerRegistryName')]"
                    },
                    "location": {
                        "value": "[parameters('location')]"
                    },
                    "acrSku": {
                        "value": "[parameters('acrSku')]"
                    }
                }
            }
        },
        {
            "condition": "[parameters('enablepostgresql')]",
            "name": "[variables('postgreSQLDeploymentName')]",
            "type": "Microsoft.Resources/deployments",
            "apiVersion": "[variables('apiVersion')]",
            "resourceGroup": "[variables('cloudsvcRGName')]",
            "properties": {
                "mode": "Incremental",
                "templateLink": {
                    "relativePath": "postgresql.json"
                },
                "parameters": {
                    "serverName": {
                        "value": "[variables('postgreSQLServerName')]"
                    },
                    "location": {
                        "value": "[parameters('location')]"
                    },
                    "administratorLogin": {
                        "value": "[parameters('postgreSQLAdminUserName')]"
                    },
                    "administratorLoginPassword": {
                        "reference": {
                            "keyVault": {
                                "id": "[resourceId(parameters('vaultSubscription'), parameters('vaultResourceGroupName'), 'Microsoft.KeyVault/vaults', parameters('preDeployVaultName'))]"
                            },
                            "secretName": "postgresql-password"
                        }
                    },
                    "virtualNetworkName": {
                        "value": "[parameters('OpsVnetName')]"
                    },
                    "subnetName": {
                        "value": "[parameters('aksSubnetName')]"
                    }
                }
            }
        },
         {
            "condition": "[parameters('enablepostgresqlflexible')]",
            "name": "[variables('postgreflxDeploymentName')]",
            "type": "Microsoft.Resources/deployments",
            "apiVersion": "[variables('apiVersion')]",
            "resourceGroup": "[variables('cloudsvcRGName')]",
            "properties": {
                "mode": "Incremental",
                "templateLink": {
                    "relativePath": "postgresqlflexible.json"
                },
                "parameters": {
                    "serverName": {
                        "value": "[variables('postgresflxServerName')]"
                    },
                    "location": {
                        "value": "[parameters('location')]"
                    },
                    "administratorLogin": {
                        "value": "[parameters('postgreflxAdminUserName')]"
                    },
                    "administratorLoginPassword": {
                        "reference": {
                            "keyVault": {
                                "id": "[resourceId(parameters('vaultSubscription'), parameters('vaultResourceGroupName'), 'Microsoft.KeyVault/vaults', parameters('preDeployVaultName'))]"
                            },
                            "secretName": "postgresflx-password"
                        }
                    }
                }
            }
        },
        {
            "condition": "[parameters('enablecosmosdb-mongo-api')]",
            "name": "[variables('cosmosdbDeploymentName')]",
            "type": "Microsoft.Resources/deployments",
            "apiVersion": "[variables('apiVersion')]",
            "resourceGroup": "[variables('cloudsvcRGName')]",
            "properties": {
                "mode": "Incremental",
                "templateLink": {
                    "relativePath": "cosmosdb-mongo.json"

                },
                "parameters": {
                    "accountName": {
                        "value": "[variables('cosmosaccountName')]"
                    },
                    "databaseName": {
                        "value": "[parameters('mongoDBName')]"

                    },
                    "collectionName": {
                        "value": "[parameters('mongoCollectionName')]"

                    },
                    "primaryRegion": {
                        "value": "[parameters('mongoPrimaryRegion')]"

                    }
                }
            }
        },
        {
            "condition": "[parameters('enableResourceGroupLock')]",
            "name": "[variables('computeLockDeployment')]",
            "type": "Microsoft.Resources/deployments",
            "apiVersion": "[variables('apiVersion')]",
            "resourceGroup": "[variables('computeRGName')]",
            "properties": {
                "mode": "Incremental",
                "templateLink": {
                    "relativePath": "lock.json"
                },
                "parameters": {
                    "lockName": {
                        "value": "[variables('computeRGLockName')]"
                    }
                }
            }
        },
        {
            "condition": "[parameters('enableResourceGroupLock')]",
            "name": "[variables('cloudSVCLockDeployment')]",
            "type": "Microsoft.Resources/deployments",
            "apiVersion": "[variables('apiVersion')]",
            "resourceGroup": "[variables('cloudsvcRGName')]",
            "properties": {
                "mode": "Incremental",
                "templateLink": {
                    "relativePath": "lock.json"
                },
                "parameters": {
                    "lockName": {
                        "value": "[variables('cloudSVCLockName')]"
                    }
                }
            }
        },
        {
           "condition": "[parameters('enableHDInsights')]",
           "dependsOn": [
            "[resourceId(parameters('vaultSubscription'),parameters('vaultResourceGroupName'),'Microsoft.Resources/deployments', variables('saDeploymentName'))]"],
            "name": "[variables('hdinsightDeploymentName')]",
            "type": "Microsoft.Resources/deployments",
            "apiVersion": "[variables('apiVersion')]",
            "resourceGroup": "[variables('cloudsvcRGName')]",
            "properties": {
                "mode": "Incremental",
                "templateLink": {
                    "relativePath": "hdinsights.json"
                },
                "parameters": {
                    "clusterName": {
                        "value": "[variables('hdinsightclusterName')]"
                    },
                   "kafkastorageAccountName": {
                        "value": "[reference(variables('saDeploymentName')).outputs.StorageAccountname.value]"
                    },
                    "clusterLoginUserName": {
                        "value": "[parameters('clusterLoginUserName')]"
                    },
                    "clusterLoginPassword": {
                        "reference": {
                            "keyVault": {
                                "id": "[resourceId(parameters('vaultSubscription'), parameters('vaultResourceGroupName'), 'Microsoft.KeyVault/vaults', parameters('preDeployVaultName'))]"
                            },
                            "secretName": "hdcluster-password"
                        }
                    },
                    "sshUserName": {
                        "value": "[parameters('hdInsightsSSHuserName')]"
                    },
                    "sshPassword": {
                        "reference": {
                            "keyVault": {
                                "id": "[resourceId(parameters('vaultSubscription'), parameters('vaultResourceGroupName'), 'Microsoft.KeyVault/vaults', parameters('preDeployVaultName'))]"
                            },
                            "secretName": "hdssh-password"
                        }
                    }
                }
            }
        },
        {
            "condition": "[parameters('createVM')]",
            "name": "[variables('vmDeploymentName')]",
            "type": "Microsoft.Resources/deployments",
            "apiVersion": "[variables('apiVersion')]",
            "resourceGroup": "[variables('computeRGName')]",
            "properties": {
                "mode": "Incremental",
                "templateLink": {
                    "relativePath": "vm.json"
                },
                "parameters": {
                    "vmname": {
                        "value": "[variables('virtualmachinename')]"
                    },
                    "adminUsername": {
                        "value": "[parameters('vmadminUsername')]"
                    },
                    "adminPasswordOrKey": {
                        "reference": {
                            "keyVault": {
                                "id": "[resourceId(parameters('vaultSubscription'), parameters('vaultResourceGroupName'), 'Microsoft.KeyVault/vaults', parameters('preDeployVaultName'))]"
                            },
                            "secretName": "vm-password"
                        }
                    },
                    "bootDiagnosticsStorageAccount": {
                        "value": "[reference(variables('saDeploymentName')).outputs.StorageAccountBlobEndpoint.value]"
                    },
                    "availabilitySetName": {
                        "value": "[parameters('vmavailabilitySetName')]"
                    },
                    "loadBalancerName": {
                        "value": "[parameters('vmloadBalancerName')]"
                    },
                    "virtualNetworkResourceGroup": {
                        "value": "[parameters('OpsVnetResourceGroupName')]"
                    },
                    "virtualNetworkName": {
                        "value": "[parameters('OpsVnetName')]"
                    },
                    "subnetName": {
                        "value": "[parameters('vmSubentName')]"
                    }
                }
            }
        },
        {
             "condition": "[parameters('enablebastion')]",
            "name": "[variables('bastionhostDeploymentName')]",
            "type": "Microsoft.Resources/deployments",
            "apiVersion": "[variables('apiVersion')]",
            "resourceGroup": "[variables('computeRGName')]",
            "properties": {
                "mode": "Incremental",
                "templateLink": {
                    "relativePath": "bastion.json"
                },
                "parameters": {
                    "bastionHostName": {
                        "value": "[parameters('bastionName')]"
                    }
                }
            }
        }
    ]
}
