{
  "$schema": "https://schema.management.azure.com/schemas/2019-04-01/deploymentParameters.json#",
  "contentVersion": "1.0.0.0",
  "parameters": {
    "solutionName": {
      "value": "hi-dp"
    },
    "environmentName": {
      "value": "dev"
    },
    "vaultResourceGroupName": {
      "value": "hi-dp-dev-eastus-cloudsvc"
    },
    "preDeployVaultName": {
      "value": "hi-dp-dev-eastus-arm"
    },
    "aksName": {
      "value": "aks"
    },
    "enableAksMonitorAndLogging": {
      "value": false
    },
    "OpsVnetResourceGroupName": {
      "value": "ops-rg"
    },
    "OpsVnetName": {
      "value": "ops-vnet"
    },
    "aksSubnetName": {
      "value": "aks-subnet"
    },
    "vmSubentName": {
      "value": "vms-subnet"
    },
    "kvName": {
      "value": "vault"
    },
    "saName": {
      "value": "sa"
    },
    "containerName": {
      "value": "logs"
    },
    "containerCount": {
      "value": 2
    },
    "aksUserIdentityName": {
      "value": "identity"
    },
    "aksEnableManagedAAD": {
      "value": true
    },
    "aksEnableAADForRbac": {
      "value": true
    },
    "aksAdminGroupIds": {
      "value": [
        "dcdd372f-eb6c-41bb-b7df-ea5e0ac3b79f"
      ]
    },
    "acrName": {
      "value": "azcr"
    },
    "acrSku": {
      "value": "Premium"
    },
    "postgresSQLServerName": {
      "value": "sql"
    },
    "postgreSQLAdminUserName": {
      "value": "psqladmin"
    },
    "enableResourceGroupLock": {
      "value": false
    },
    "enablecosmosdb-mongo-api": {
      "value": false
    },
    "mongoAccountName": {
      "value": "mongoac"
    },
    "mongoDBName": {
      "value": "mongoapi"
    },
    "mongoCollectionName": {
      "value": "api"
    },
    "mongoPrimaryRegion": {
      "value": "East US"
    },
    "enableHDInsights": {
      "value": false
    },
    "hdInsightsClusterName": {
      "value": "kafka"
    },
    "clusterLoginUserName": {
      "value": "kafkaadmin"
    },
    "hdInsightsSSHuserName": {
      "value": "sshkafka"
    },
    "createVM": {
      "value": false
    },
    "vmName": {
      "value": "vm"
    },
    "vmAdminUserName": {
      "value": "vmadmin"
    },
    "vmavailabilitySetName": {
      "value": "sam-dev-eastus-avset"
    },
    "vmloadBalancerName": {
      "value": "sam-dev-eastus-lb"
    },
    "enableroleassignment": {
      "value": false
    },
    "enableacr": {
      "value": false
    },
    "enablepostgresql": {
      "value": false
    },
    "enablepostgresqlflexible": {
      "value": false
    },
    "enablebastion": {
      "value": false
    },
    "bastionName": {
      "value": "bastionHost"
    }
  }
}
