{
    "$schema": "https://schema.management.azure.com/schemas/2019-04-01/deploymentTemplate.json#",
    "contentVersion": "1.0.0.0",
    "parameters": {
        "workspaceName": {
            "type": "string",
            "defaultValue": "amlworkspace",
            "metadata": {
                "description": "Specifies the name of the Azure Machine Learning workspace to which compute instance will be deployed"
            }
        },
        "computeInstanceName": {
            "type": "string",
            "defaultvalue": "",
            "metadata": {
                "description": "Specifies the name of the Azure Machine Learning compute instance to be deployed"
            }
        },
        "location": {
            "defaultValue": "[resourceGroup().location]",
            "type": "string",
            "metadata": {
                "description": "Location of the Azure Machine Learning workspace."
            }
        },
        "vmSize": {
            "defaultValue": "Standard_DS12_V2",
            "type": "string",
            "metadata": {
                "description": "The VM size for compute instance"
            }
        },
        "vnetResourceGroupName": {
            "defaultValue": "",
            "type": "string",
            "metadata": {
                "description": "Name of the resource group which holds the VNET to which you want to inject your compute instance in."
            }
        },
        "vnetName": {
            "defaultValue": "",
            "type": "string",
            "metadata": {
                "description": "Name of the vnet which you want to inject your compute instance in."
            }
        },
        "subnetName": {
            "defaultValue": "",
            "type": "string",
            "metadata": {
                "description": "Name of the subnet inside the VNET which you want to inject your compute instance in."
            }
        },
        "inlineCommand": {
            "type": "string",
            "defaultValue": "ls",
            "metadata": {
                "description": "inline command"
            }
        },
        "creationScript.cmdArguments": {
            "type": "string",
            "defaultValue": "",
            "metadata": {
                "description": "Specifies the cmd arguments of the creation script in the storage volume of the Compute Instance."
            }
        },
        "schedules": {
            "type": "object",
            "metadata": {
                "description": "Specifies the schedule policies for the compute instance"
            }
        }
    },
    "variables": {
        "amlsubnet": {
            "id": "[resourceId(parameters('vnetResourceGroupName'), 'Microsoft.Network/virtualNetworks/subnets', parameters('vnetName'), parameters('subnetName'))]"
        }
    },
    "resources": [
        {
            "type": "Microsoft.MachineLearningServices/workspaces/computes",
            "name": "[concat(parameters('workspaceName'), '/', parameters('computeInstanceName'))]",
            "apiVersion": "2021-07-01",
            "location": "[parameters('location')]",
            "properties": {
                "computeType": "ComputeInstance",
                "properties": {
                    "vmSize": "[parameters('vmSize')]",
                    "subnet": "[if(and(not(empty(parameters('vnetResourceGroupName'))),not(empty(parameters('vnetName'))),not(empty(parameters('subnetName')))), variables('amlsubnet'), json('null'))]",
                    "setupScripts": {
                        "scripts": {
                            "creationScript": {
                                "scriptSource": "inline",
                                "scriptData": "[base64(parameters('inlineCommand'))]",
                                "scriptArguments": "[parameters('creationScript.cmdArguments')]"
                            }
                        }
                    },
                    "schedules": "[parameters('schedules')]"
                }
            }
        }
    ],
    "outputs": {
        "Id": {
            "type": "string",
            "value": "[resourceId('Microsoft.MachineLearningServices/workspaces/computes', parameters('computeInstanceName'))]"
        }
    }
}
