{
  "$schema": "https://schema.management.azure.com/schemas/2019-04-01/deploymentTemplate.json#",
  "contentVersion": "1.0.0.0",
  "parameters": {
    "virtualNetworkResourceGroup": {
      "type": "string",
      "defaultValue": "sam-dev-eastus-ops",
      "metadata": {
        "description": "Name of the existing VNET resource group"
      }
    },
    "existingVnetName": {
      "type": "string",
      "defaultValue": "sam-dev-eastus-vnet",
      "metadata": {
        "description": "Virtual Network Name"
      }
    },

    "existingVnetSubnetName": {
      "type": "string",
      "defaultValue": "AzureBastionSubnet",
      "metadata": {
        "description": "Virtual Network Subnet Name"
      }
    },
    "bastionHostName": {
      "type": "string",
      "defaultValue": "bastionHost",
      "metadata": {
        "description": "Name of Azure Bastion resource"
      }
    },
    "location": {
      "type": "string",
      "defaultValue": "[resourceGroup().location]",
      "metadata": {
        "description": "Azure region for Bastion and virtual network"
      }
    }
  },
  "variables": {
    "publicIpAddressName": "[format('{0}-pip', parameters('bastionHostName'))]",
    "vnetSubnetId": "[resourceId(parameters('virtualNetworkResourceGroup'), 'Microsoft.Network/virtualNetworks/subnets', parameters('existingVnetName'), parameters('existingVnetSubnetName'))]"
  },
  "resources": [
    {
      "type": "Microsoft.Network/publicIPAddresses",
      "apiVersion": "2020-05-01",
      "name": "[variables('publicIpAddressName')]",
      "location": "[parameters('location')]",
      "sku": {
        "name": "Standard"
      },
      "properties": {
        "publicIPAllocationMethod": "Static"
      }
    },
    {
      "type": "Microsoft.Network/bastionHosts",
      "apiVersion": "2020-05-01",
      "name": "[parameters('bastionHostName')]",
      "location": "[parameters('location')]",
      "properties": {
        "ipConfigurations": [
          {
            "name": "IpConf",
            "properties": {
              "subnet": {
                "id": "[variables('vnetSubnetId')]"
              },
              "publicIPAddress": {
                "id": "[resourceId('Microsoft.Network/publicIpAddresses', variables('publicIpAddressName'))]"
              }
            }
          }
        ]
      },
      "dependsOn": [
        "[resourceId('Microsoft.Network/publicIPAddresses', variables('publicIpAddressName'))]"
      ]
    }
  ],
  "outputs": {
    "Id": {
      "type": "string",
      "value": "[resourceId('Microsoft.ContainerService/managedClusters', parameters('bastionHostName'))]"
    }
  }
}
