{
  "$schema": "https://schema.management.azure.com/schemas/2019-04-01/deploymentTemplate.json#",
  "contentVersion": "1.0.0.0",
  "parameters": {
    "accountName": {
      "type": "string",
      "defaultValue": "hi-dp-dev-eastus-cosmos",
      "metadata": {
        "description": "Cosmos DB account name"
      }
    },
    "location": {
      "type": "string",
      "defaultValue": "[resourceGroup().location]",
      "metadata": {
        "description": "Location for the Cosmos DB account."
      }
    },
    "cosmosdbName": {
      "type": "string",
      "defaultValue": "database",
      "metadata": {
        "description": "The name for the database"
      }
    },
    "cosmoscontainerName": {
      "type": "string",
      "defaultValue": "hi-dp-dev-eastus-cosmos-container",
      "metadata": {
        "description": "The name for the container"
      }
    },
    "partitionKeyPath": {
      "type": "string",
      "defaultValue": "/partitionKey",
      "metadata": {
        "description": "The partition key for the container"
      }
    },
    "throughputPolicy": {
      "type": "string",
      "defaultValue": "Autoscale",
      "allowedValues": [
        "Manual",
        "Autoscale"
      ],
      "metadata": {
        "description": "The throughput policy for the container"
      }
    },
    "manualProvisionedThroughput": {
      "type": "int",
      "defaultValue": 400,
      "maxValue": 1000000,
      "minValue": 400,
      "metadata": {
        "description": "Throughput value when using Manual Throughput Policy for the container"
      }
    },
    "autoscaleMaxThroughput": {
      "type": "int",
      "defaultValue": 4000,
      "maxValue": 1000000,
      "minValue": 4000,
      "metadata": {
        "description": "Maximum throughput when using Autoscale Throughput Policy for the container"
      }
    },
    "publicNetworkAccess": {
      "type": "string",
      "defaultValue": "Enabled",
      "allowedValues": [
        "Enabled",
        "Disabled"
      ]
    },
    "virtualNetworkFilterEnabled": {
      "type": "bool",
      "defaultValue": false
    },
    "virtualNetworkResourceGroup": {
        "type": "string",
        "defaultValue": "sam-dev-eastus-ops"
    },
    "virtualNetworkName": {
        "type": "string",
        "defaultValue": "sam-dev-eastus-vnet"
    },
    "subnetName": {
        "type": "string",
        "defaultValue": "sam-dev-eastus-vm"
    },
    "enableAnalyticalStorage": {
      "type": "string",
      "defaultValue": "true",
      "allowedValues": [
        "true",
        "false"
      ]
    },
    "disableKeyBasedMetadataWriteAccess": {
      "type": "bool",
      "defaultValue": true,
      "metadata": {
        "description": "Prevent management plane changes for clients using key based authentication"
      }
    },
    "enableDiagnosticSettings": {
        "type": "bool",
        "defaultValue": false,
        "metadata": {
            "description": "Set this to true to create Diagnostic Settings"
        }
    },
    "enableDiagnosticMetrics": {
        "type": "bool",
        "defaultValue": false,
        "metadata": {
          "description": "Set this to true to create Diagnostic  metrics"
        }
    },
    "omsWorkspaceSubscription":{  
        "type":"string",
        "defaultValue": "243c6a66-9da2-4ec6-8108-9a4058682456"
    },
    "omsWorkspaceResourceGroup":{  
        "type":"string",
        "defaultValue": "sb-hi-dev-hidp-tst-eastus-applogs"
    },
    "omsWorkspaceName":{  
        "type":"string",
        "defaultValue": "hidp-tst-eastus-applogs-workspace"
    }
  },
  "variables": {
    "locations": [
      {
        "locationName": "[parameters('location')]",
        "failoverPriority": 0,
        "isZoneRedundant": false
      }
    ],
    "throughput_Policy": {
      "Manual": {
        "Throughput": "[parameters('manualProvisionedThroughput')]"
      },
      "Autoscale": {
        "autoscaleSettings": {
          "maxThroughput": "[parameters('autoscaleMaxThroughput')]"
        }
      }
    },
    "virtualNetworkRules": 
              {
                "id": "[resourceId(parameters('virtualNetworkResourceGroup'), 'Microsoft.Network/virtualNetworks/subnets', parameters('virtualNetworkName'),  parameters('subnetName'))]"
              },
    "metrics": [{
                        "enabled": true,
                        "category": "Requests"
                    }]
  },
  "resources": [
    {
      "type": "Microsoft.DocumentDB/databaseAccounts",
      "apiVersion": "2021-04-15",
      "name": "[parameters('accountName')]",
      "location": "[parameters('location')]",
      "properties": {
        "consistencyPolicy": {
          "defaultConsistencyLevel": "Session"
        },
        "databaseAccountOfferType": "Standard",
        "disableKeyBasedMetadataWriteAccess": "[parameters('disableKeyBasedMetadataWriteAccess')]",
        "locations": "[variables('locations')]",
        "publicNetworkAccess": "[parameters('publicNetworkAccess')]",
          "isVirtualNetworkFilterEnabled": "[parameters('virtualNetworkFilterEnabled')]",
            "virtualNetworkRules": ["[if(parameters('virtualNetworkFilterEnabled'),variables('virtualNetworkRules') ,json('null'))]"],
        "enableAnalyticalStorage": "[parameters('enableAnalyticalStorage')]"
      }
    },
    {
      "type": "Microsoft.DocumentDB/databaseAccounts/sqlDatabases",
      "apiVersion": "2021-04-15",
      "name": "[format('{0}/{1}', parameters('accountName'), parameters('cosmosdbName'))]",
      "properties": {
        "resource": {
          "id": "[parameters('cosmosdbName')]"
        }
      },
      "dependsOn": [
        "[resourceId('Microsoft.DocumentDB/databaseAccounts', parameters('accountName'))]"
      ]
    },
    {
      "type": "Microsoft.DocumentDB/databaseAccounts/sqlDatabases/containers",
      "apiVersion": "2021-04-15",
      "name": "[format('{0}/{1}/{2}', parameters('accountName'), parameters('cosmosdbName'), parameters('cosmoscontainerName'))]",
      "properties": {
        "resource": {
          "id": "[parameters('cosmoscontainerName')]",
          "partitionKey": {
            "paths": [
              "[parameters('partitionKeyPath')]"
            ],
            "kind": "Hash"
          }
        },
        "options": "[variables('throughput_Policy')[parameters('throughputPolicy')]]"
      },
      "dependsOn": [
        "[resourceId('Microsoft.DocumentDB/databaseAccounts/sqlDatabases', parameters('accountName'), parameters('cosmosdbName'))]"
      ]
    },
    { 
        "condition": "[parameters('enableDiagnosticSettings')]", 
        "type":"Microsoft.DocumentDB/databaseAccounts/providers/diagnosticsettings",
        "name":"[concat(parameters('accountName'), '/Microsoft.Insights/service')]",
        "apiVersion":"2021-05-01-preview",
        "location":"[parameters('location')]",
        "dependsOn":[  
              "[resourceId('Microsoft.DocumentDB/databaseAccounts', parameters('accountName'))]"
        ],
        "properties":{  
        "workspaceId":"[resourceId(parameters('omsWorkspaceSubscription') ,parameters('omsWorkspaceResourceGroup'), 'Microsoft.OperationalInsights/workspaces', parameters('omsWorkspaceName'))]",
            "logs": [
                {
                  "categoryGroup": "allLogs",
                  "enabled": true
                },
                {
                        "categoryGroup": "audit",
                        "enabled": true
                }
            ],
            "metrics": "[if(parameters('enableDiagnosticmetrics'), variables('metrics'), json('null'))]"
        }   
    }
  ],
  "outputs": {
    "databaseAccountId": {
      "type": "string",
      "value": "[resourceId('Microsoft.DocumentDB/databaseAccounts',parameters('accountName'))]"
    }
  }
}
