{
  "$schema": "https://schema.management.azure.com/schemas/2019-04-01/deploymentTemplate.json#",
  "contentVersion": "1.0.0.0",

  "parameters": {
    "accountName": {
      "type": "string",
      "defaultValue": "hi-dp-dev-eastus-cosmos-mongo-api",
      "metadata": {
        "description": "Cosmos DB account name"
      }
    },
    "location": {
      "type": "string",
      "defaultValue": "[resourceGroup().location]",
      "metadata": {
        "description": "Location for the Cosmos DB account."
      }
    },
    "primaryRegion": {
      "type": "string",
      "allowedValues": [
        "East US",
        "East US 2",
        "Central US",
        "West US"
      ],
      "metadata": {
        "description": "The primary replica region for the Cosmos DB account."
      }
    },
    "serverVersion": {
      "type": "string",
      "defaultValue": "4.2",
      "allowedValues": [
        "3.2",
        "3.6",
        "4.0",
        "4.2"
      ],
      "metadata": {
        "description": "Specifies the MongoDB server version to use."
      }
    },
    "publicNetworkAccess": {
      "type": "string",
      "defaultValue": "Enabled",
      "allowedValues": [
        "Enabled",
        "Disabled"
      ]
    },
    "virtualNetworkFilterEnabled": {
      "type": "bool",
      "defaultValue": false
    },
    "virtualNetworkResourceGroup": {
        "type": "string",
        "defaultValue": "sam-dev-eastus-ops"
    },
    "virtualNetworkName": {
        "type": "string",
        "defaultValue": "sam-dev-eastus-vnet"
    },
    "subnetName": {
        "type": "string",
        "defaultValue": "sam-dev-eastus-vm"
    },
    "defaultConsistencyLevel": {
      "type": "string",
      "defaultValue": "Session",
      "allowedValues": [
        "Eventual",
        "ConsistentPrefix",
        "Session",
        "BoundedStaleness",
        "Strong"
      ],
      "metadata": {
        "description": "The default consistency level of the Cosmos DB account."
      }
    },
    "maxStalenessPrefix": {
      "type": "int",
      "defaultValue": 100000,
      "maxValue": 2147483647,
      "minValue": 10,
      "metadata": {
        "description": "Max stale requests. Required for BoundedStaleness. Valid ranges, Single Region: 10 to 1000000. Multi Region: 100000 to 1000000."
      }
    },
    "maxintervalInSeconds": {
      "type": "int",
      "defaultValue": 300,
      "maxValue": 86400,
      "minValue": 5,
      "metadata": {
        "description": "Max lag time (seconds). Required for BoundedStaleness. Valid ranges, Single Region: 5 to 84600. Multi Region: 300 to 86400."
      }
    },
    "databaseName": {
      "type": "string",
      "metadata": {
        "description": "The name for the Mongo DB database"
      }
    },
    "collectionName": {
      "type": "string",
      "metadata": {
        "description": "The name for the first Mongo DB collection"
      }
    },
    "autoscaleMaxThroughput": {
      "type": "int",
      "defaultValue": 1000,
      "maxValue": 1000000,
      "minValue": 1000,
      "metadata": {
        "description": "Maximum throughput when using Autoscale Throughput Policy for the Database"
      }
    },
    "disableKeyBasedMetadataWriteAccess": {
      "type": "bool",
      "defaultValue": true,
      "metadata": {
        "description": "Prevent management plane changes for clients using key based authentication"
      }
    },
    "enableDiagnosticSettings": {
        "type": "bool",
        "defaultValue": false,
        "metadata": {
            "description": "Set this to true to create Diagnostic Settings"
        }
    },
    "enableDiagnosticMetrics": {
        "type": "bool",
        "defaultValue": false,
        "metadata": {
          "description": "Set this to true to create Diagnostic  metrics"
        }
    },
    "omsWorkspaceSubscription":{  
        "type":"string",
        "defaultValue": "243c6a66-9da2-4ec6-8108-9a4058682456"
    },
    "omsWorkspaceResourceGroup":{  
        "type":"string",
        "defaultValue": "sb-hi-dev-hidp-tst-eastus-applogs"
    },
    "omsWorkspaceName":{  
        "type":"string",
        "defaultValue": "hidp-tst-eastus-applogs-workspace"
    }
  },
  "variables": {
    "consistencyPolicy": {
      "Eventual": {
        "defaultConsistencyLevel": "Eventual"
      },
      "ConsistentPrefix": {
        "defaultConsistencyLevel": "ConsistentPrefix"
      },
      "Session": {
        "defaultConsistencyLevel": "Session"
      },
      "BoundedStaleness": {
        "defaultConsistencyLevel": "BoundedStaleness",
        "maxStalenessPrefix": "[parameters('maxStalenessPrefix')]",
        "maxintervalInSeconds": "[parameters('maxintervalInSeconds')]"
      },
      "Strong": {
        "defaultConsistencyLevel": "Strong"
      }
    },
    "locations": [
      {
        "locationName": "[parameters('primaryRegion')]",
        "failoverPriority": 0,
        "isZoneRedundant": false
      }
    ],
    "virtualNetworkRules": 
          {
            "id": "[resourceId(parameters('virtualNetworkResourceGroup'), 'Microsoft.Network/virtualNetworks/subnets', parameters('virtualNetworkName'),  parameters('subnetName'))]"
          },
     "metrics": [{
                  "enabled": true,
                  "category": "Requests"
                }]
  },
  "resources": [
    {
      "type": "Microsoft.DocumentDB/databaseAccounts",
      "apiVersion": "2021-10-15",
      "name": "[parameters('accountName')]",
      "location": "[parameters('location')]",
      "kind": "MongoDB",
      "properties": {
        "consistencyPolicy": "[variables('consistencyPolicy')[parameters('defaultConsistencyLevel')]]",
        "locations": "[variables('locations')]",
        "publicNetworkAccess": "[parameters('publicNetworkAccess')]",
          "isVirtualNetworkFilterEnabled": "[parameters('virtualNetworkFilterEnabled')]",
            "virtualNetworkRules": ["[if(parameters('virtualNetworkFilterEnabled'),variables('virtualNetworkRules') ,json('null'))]"],
        "databaseAccountOfferType": "Standard",
        "disableKeyBasedMetadataWriteAccess":  "[parameters('disableKeyBasedMetadataWriteAccess')]",
        "apiProperties": {
          "serverVersion": "[parameters('serverVersion')]"
        }
      }
    },
    {
      "type": "Microsoft.DocumentDB/databaseAccounts/mongodbDatabases",
      "apiVersion": "2021-10-15",
      "name": "[format('{0}/{1}', parameters('accountName'), parameters('databaseName'))]",
      "properties": {
        "resource": {
          "id": "[parameters('databaseName')]"
        },
        "options": {
          "autoscaleSettings": {
            "maxThroughput": "[parameters('autoscaleMaxThroughput')]"
          }
        }
      },
      "dependsOn": [
        "[resourceId('Microsoft.DocumentDB/databaseAccounts', parameters('accountName'))]"
      ]
    },
    {
      "type": "Microsoft.DocumentDB/databaseAccounts/mongodbDatabases/collections",
      "apiVersion": "2021-10-15",
      "name": "[format('{0}/{1}/{2}', parameters('accountName'), parameters('databaseName'), parameters('collectionName'))]",
      "properties": {
        "resource": {
          "id": "[parameters('collectionName')]",
          "shardKey": {
            "user_id": "Hash"
          },
          "indexes": [
            {
              "key": {
                "keys": [
                  "_id"
                ]
              }
            },
            {
              "key": {
                "keys": [
                  "$**"
                ]
              }
            },
            {
              "key": {
                "keys": [
                  "user_id",
                  "user_address"
                ]
              },
              "options": {
                "unique": true
              }
            },
            {
              "key": {
                "keys": [
                  "_ts"
                ],
                "options": {
                  "expireAfterSeconds": 2629746
                }
              }
            }
          ],
          "options": {
            "If-Match": "<ETag>"
          }
        }
      },
      "dependsOn": [
        "[resourceId('Microsoft.DocumentDB/databaseAccounts/mongodbDatabases', parameters('accountName'), parameters('databaseName'))]"
      ]
    },
    { 
        "condition": "[parameters('enableDiagnosticSettings')]", 
        "type":"Microsoft.DocumentDB/databaseAccounts/providers/diagnosticsettings",
        "name":"[concat(parameters('accountName'), '/Microsoft.Insights/service')]",
        "apiVersion":"2021-05-01-preview",
        "location":"[parameters('location')]",
        "dependsOn":[  
              "[resourceId('Microsoft.DocumentDB/databaseAccounts', parameters('accountName'))]"
        ],
        "properties":{  
        "workspaceId":"[resourceId(parameters('omsWorkspaceSubscription') ,parameters('omsWorkspaceResourceGroup'), 'Microsoft.OperationalInsights/workspaces', parameters('omsWorkspaceName'))]",
            "logs": [
                {
                  "categoryGroup": "allLogs",
                  "enabled": true
                },
                {
                    "categoryGroup": "audit",
                    "enabled": true
                }
            ],
            "metrics": "[if(parameters('enableDiagnosticmetrics'), variables('metrics'), json('null'))]"
        }   
    }
  ],
  "outputs": {
    "Id": {
       "type": "string",
       "value": "[resourceId('Microsoft.DocumentDB/databaseAccounts',parameters('accountName'))]"
    }
  }
}
