{
    "$schema": "https://schema.management.azure.com/schemas/2019-04-01/deploymentTemplate.json#",
    "contentVersion": "1.0.0.0",
    "parameters": {
        "databricksName": {
            "type": "String",
            "metadata": {
                "description": "The name of the databricks workspace"
            }
        },
        "disablePublicIp": {
            "defaultValue": true,
            "type": "Bool",
            "metadata": {
                "description": "Specifies whether to deploy Azure Databricks workspace with secure cluster connectivity (SCC) enabled or not (No Public IP)."
            }
        },
        "publicNetworkAccess": {
            "defaultValue": "Disabled",
            "allowedValues": [
                "Enabled",
                "Disabled"
            ],
            "type": "String",
            "metadata": {
                "description": "Indicates whether public network access is allowed to the workspace with private endpoint - possible values are Enabled or Disabled"
            }
        },
        "pricingTier": {
            "defaultValue": "premium",
            "allowedValues": [
                "standard",
                "premium"
            ],
            "type": "String",
            "metadata": {
                "description": "The pricing tier of workspace."
            }
        },
        "requiredNsgRules": {
            "defaultValue": "NoAzureDatabricksRules",
            "allowedValues": [
                "AllRules",
                "NoAzureDatabricksRules"
            ],
            "type": "String",
            "metadata": {
                "description": "Indicates whether to retain or remove the AzureDatabricks outbound NSG rule - possible values are AllRules or NoAzureDatabricksRules."
            }
        },
        "managedResourceGroupName": {
            "type": "String",
            "metadata": {
                "description": "The name of the managed resource group that databricks will create"
            }
        },
        "requireInfrastructureEncryption": {
            "defaultValue": false,
            "type": "Bool",
            "metadata": {
                "description": "Indicating whether or not the DBFS root file system will be enabled with secondary layer of encryption with platform managed keys for data at rest."
            }
        },
        "Location": {
            "defaultValue": "[resourceGroup().location]",
            "type": "String",
            "metadata": {
                "description": "The Location of the deployment"
            }
        },
        "StorageAccountName": {
            "type": "String",
            "metadata": {
                "description": "Name of the storage account to create"
            }
        },
        "storageSKU": {
            "defaultValue": "Standard_GRS",
            "allowedValues": [
                "Premium_LRS",
                "Premium_ZRS",
                "Standard_GRS",
                "Standard_GZRS",
                "Standard_LRS",
                "Standard_RAGRS",
                "Standard_RAGZRS",
                "Standard_ZRS"
            ],
            "type": "String",
            "metadata": {
                "description": "storage account type"
            }
        },
        "virtualNetworkResourceGroup": {
            "type": "string",
            "metadata": {
                "description": "The Name of the virtual network resource group where the Workers would be connected to"
            }
        },
        "vnetName": {
            "type": "String",
            "metadata": {
                "description": "The Name of the virtual network where the Workers would be connected to"
            }
        },
        "privateSubnetName": {
            "defaultValue": "private-subnet",
            "type": "String",
            "metadata": {
                "description": "The name of the private subnet to be connected to"
            }
        },
        "publicSubnetName": {
            "defaultValue": "public-subnet",
            "type": "String",
            "metadata": {
                "description": "The name of the public subnet to be connected to"
            }
        },
        "enableDiagnosticSettings": {
            "type": "bool",
            "defaultValue": false,
            "metadata": {
                "description": "Set this to true to create Diagnostic Settings"
            }
        },
        "omsWorkspaceSubscription":{  
            "type":"string",
            "defaultValue": "243c6a66-9da2-4ec6-8108-9a4058682456"
        },
        "omsWorkspaceResourceGroup":{  
            "type":"string",
            "defaultValue": "sb-hi-dev-hidp-tst-eastus-applogs"
        },
        "omsWorkspaceName":{  
            "type":"string",
            "defaultValue": "hidp-tst-eastus-applogs-workspace"
        }
    },
    "variables": {
        "ManagedResourceGroupId": "[concat(subscription().id, '/resourceGroups/', parameters('managedResourceGroupName'))]",
        "vnetId": "[resourceId(parameters('virtualNetworkResourceGroup'), 'Microsoft.Network/virtualNetworks', parameters('vnetName'))]",
        "shortResourceGroupId": "[take(uniqueString(resourceGroup().id),3)]",
        "uniqueStorageName": "[concat(parameters('StorageAccountName'),variables('shortResourceGroupId'))]"
    },
    "resources": [
        {
            "type": "Microsoft.Databricks/workspaces",
            "apiVersion": "2021-04-01-preview",
            "name": "[parameters('databricksName')]",
            "location": "[parameters('Location')]",
            "sku": {
                "name": "[parameters('pricingTier')]"
            },
            "properties": {
                "managedResourceGroupId": "[variables('managedResourceGroupId')]",
                "parameters": {
                    "customVirtualNetworkId": {
                        "value": "[variables('vnetId')]"
                    },
                    "customPublicSubnetName": {
                        "value": "[parameters('publicSubnetName')]"
                    },
                    "customPrivateSubnetName": {
                        "value": "[parameters('privateSubnetName')]"
                    },
                    "storageAccountName": {
                        "value": "[variables('uniqueStorageName')]"
                    },
                    "storageAccountSkuName": {
                        "value": "[parameters('storageSKU')]"
                    },
                    "requireInfrastructureEncryption": {
                        "value": "[parameters('requireInfrastructureEncryption')]"
                    },
                    "enableNoPublicIp": {
                        "value": "[parameters('disablePublicIp')]"
                    }
                },
                "publicNetworkAccess": "[parameters('publicNetworkAccess')]",
                "requiredNsgRules": "[parameters('requiredNsgRules')]"
            }
        },
        { 
            "condition": "[parameters('enableDiagnosticSettings')]", 
            "type":"Microsoft.Databricks/workspaces/providers/diagnosticsettings",
            "name":"[concat(parameters('databricksName'), '/Microsoft.Insights/service')]",
            "apiVersion":"2021-05-01-preview",
            "location":"[parameters('location')]",
            "dependsOn":[  
                    "[resourceId('Microsoft.Databricks/workspaces', parameters('databricksName'))]"
            ],
            "properties":{  
            "workspaceId":"[resourceId(parameters('omsWorkspaceSubscription') ,parameters('omsWorkspaceResourceGroup'), 'Microsoft.OperationalInsights/workspaces', parameters('omsWorkspaceName'))]",
                    "logs": [
                            {
                                "categoryGroup": "allLogs",
                                "enabled": true
                            }
                    ]
        }   
    }
    ],
    "outputs": {
        "DatabricksWorkspace": {
            "type": "Object",
            "value": "[reference(resourceId('Microsoft.Databricks/workspaces', parameters('databricksName')))]"
        },
        "StorageAccountName": {
            "type": "String",
            "value": "[variables('uniqueStorageName')]"
        },
        "StorageAccountId": {
            "type": "String",
            "value": "[resourceId('Microsoft.Storage/storageAccounts', variables('uniqueStorageName'))]"
        }
    }
}
