{
  "$schema": "https://schema.management.azure.com/schemas/2019-04-01/deploymentTemplate.json#",
  "contentVersion": "1.0.0.0",
  "parameters": {
    "clusterName": {
      "type": "string",
      "defaultValue": "hi-dp-dev-eastus-kafka",
      "metadata": {
        "description": "The name of the Kafka cluster to create. This must be a unique name."
      }
    },
    "clusterLoginUserName": {
      "type": "string",
      "defaultValue": "kafkaadmin",
      "metadata": {
        "description": "These credentials can be used to submit jobs to the cluster and to log into cluster dashboards."
      }
    },
    "clusterLoginPassword": {
      "type": "securestring",
      "defaultValue": null,
      "minLength": 10,
      "metadata": {
        "description": "The password must be at least 10 characters in length and must contain at least one digit, one upper case letter, one lower case letter, and one non-alphanumeric character except (single-quote, double-quote, backslash, right-bracket, full-stop). Also, the password must not contain 3 consecutive characters from the cluster username or SSH username."
      }
    },
    "sshUserName": {
      "type": "string",
      "defaultValue": "sshkafka",
      "metadata": {
        "description": "These credentials can be used to remotely access the cluster."
      }
    },
    "sshPassword": {
      "type": "securestring",
      "defaultValue": null,
      "maxLength": 72,
      "minLength": 6,
      "metadata": {
        "description": "SSH password must be 6-72 characters long and must contain at least one digit, one upper case letter, and one lower case letter.  It must not contain any 3 consecutive characters from the cluster login name"
      }
    },
    "location": {
      "type": "string",
      "defaultValue": "[resourceGroup().location]",
      "metadata": {
        "description": "Location for all resources."
      }
    },
    "StorageAccountResourceGroup": {
      "type": "string",
      "defaultValue": "sam-dev-eastus-cloudsvc",
      "metadata": {
        "description": "Name of the existing StorageAccount resource group"
      }
    },
    "kafkastorageAccountName": {
      "type": "string",
      "defaultValue": "kafkastrac",
      "metadata": {
        "description": "The name of the storage account to create. This must be a unique name."
      }
    },
    "HeadNodeVirtualMachineSize": {
      "type": "string",
      "defaultValue": "Standard_E4_v3",
      "allowedValues": [
        "Standard_A4_v2",
        "Standard_A8_v2",
        "Standard_E2_v3",
        "Standard_E4_v3",
        "Standard_E8_v3",
        "Standard_E16_v3",
        "Standard_E20_v3",
        "Standard_E32_v3",
        "Standard_E48_v3"
      ],
      "metadata": {
        "description": "This is the headnode Azure Virtual Machine size, and will affect the cost. If you don't know, just leave the default value."
      }
    },
    "WorkerNodeVirtualMachineSize": {
      "type": "string",
      "defaultValue": "Standard_D4_v2",
      "allowedValues": [
        "Standard_A4_v2",
        "Standard_A8_v2",
        "Standard_E2_v3",
        "Standard_E4_v3",
        "Standard_E8_v3",
        "Standard_E16_v3",
        "Standard_E20_v3",
        "Standard_E32_v3",
        "Standard_E48_v3",
        "Standard_D4_v2"
      ],
      "metadata": {
        "description": "This is the worerdnode Azure Virtual Machine size, and will affect the cost. If you don't know, just leave the default value."
      }
    },
    "kafkamanagementnodeVirtualMachineSize": {
      "type": "string",
      "defaultValue": "Standard_E8_v3",
      "allowedValues": [
        "Standard_A4_v2",
        "Standard_A8_v2",
        "Standard_E2_v3",
        "Standard_E4_v3",
        "Standard_E8_v3",
        "Standard_E16_v3",
        "Standard_E20_v3",
        "Standard_E32_v3",
        "Standard_E48_v3",
        "Standard_D4_v2"
      ],
      "metadata": {
        "description": "This is the worerdnode Azure Virtual Machine size, and will affect the cost. If you don't know, just leave the default value."
      }
    },
    "ZookeeperNodeVirtualMachineSize": {
      "type": "string",
      "defaultValue": "Standard_A4_v2",
      "allowedValues": [
        "Standard_A4_v2",
        "Standard_A8_v2",
        "Standard_E2_v3",
        "Standard_E4_v3",
        "Standard_E8_v3",
        "Standard_E16_v3",
        "Standard_E20_v3",
        "Standard_E32_v3",
        "Standard_E48_v3"
      ],
      "metadata": {
        "description": "This is the Zookeepernode Azure Virtual Machine size, and will affect the cost. If you don't know, just leave the default value."
      }
    },
    "HDIversion": {
      "type": "string",
      "defaultValue": "4.0",
      "allowedValues": [
        "4.0",
        "3.6"
      ]
    },
    "kafkaversion": {
      "type": "string",
      "defaultValue": "2.4",
      "allowedValues": [
        "2.4",
        "2.1",
        "1.1"
      ]
    },
    "groupName": {
      "type": "string",
      "metadata": {
        "description": "The AAD security group name,https://docs.microsoft.com/en-us/azure/hdinsight/kafka/rest-proxy"
      }
    },
    "groupid": {
      "type": "string",
      "metadata": {
        "description": "The AAD security group id,https://docs.microsoft.com/en-us/azure/hdinsight/kafka/rest-proxy"
      }
    },
    "enablevirtualNetworkProfile": {
      "type": "bool",
      "defaultValue": false,
      "metadata": {
        "description": "Set this to true to link virtualNetworkProfile"
      }
    },
    "existingVirtualNetworkResourceGroup": {
      "type": "string",
      "defaultValue": "sam-dev-eastus-ops",
      "metadata": {
        "description": "The existing virtual network resource group name."
      }
    },
    "existingVirtualNetworkName": {
      "type": "string",
      "defaultValue": "sam-dev-eastus-vnet",
      "metadata": {
        "description": "The existing virtual network name."
      }
    },
    "existingVirtualNetworkSubnetName": {
      "type": "string",
      "defaultValue": "sam-dev-eastus-vm",
      "metadata": {
        "description": "Name of the existing subnet in the virtual network"
      }
      },
      "enableDiagnosticSettings": {
        "type": "bool",
        "defaultValue": false,
        "metadata": {
          "description": "Set this to true to create Diagnostic Settings"
            }
      },
      "omsWorkspaceSubscription":{  
        "type":"string",
        "defaultValue": "243c6a66-9da2-4ec6-8108-9a4058682456"
      },
      "omsWorkspaceResourceGroup":{  
        "type":"string",
        "defaultValue": "sb-hi-dev-hidp-tst-eastus-applogs"
      },
      "omsWorkspaceName":{  
        "type":"string",
        "defaultValue": "hidp-tst-eastus-applogs-workspace"
      }
  },
  "variables": {
    "virtualNetworkProfile": {
        "id": "[resourceId(parameters('existingVirtualNetworkResourceGroup'), 'Microsoft.Network/virtualNetworks', parameters('existingVirtualNetworkName'))]",
        "subnet": "[resourceId(parameters('existingVirtualNetworkResourceGroup'), 'Microsoft.Network/virtualNetworks/subnets', parameters('existingVirtualNetworkName'), parameters('existingVirtualNetworkSubnetName'))]"
              }
  }, 
  "resources": [
    {
      "type": "Microsoft.HDInsight/clusters",
      "apiVersion": "2021-06-01",
      "name": "[parameters('clusterName')]",
      "location": "[parameters('location')]",
      "properties": {
        "clusterVersion": "[parameters('HDIversion')]",
        "osType": "Linux",
        "encryptionInTransitProperties": {
          "isEncryptionInTransitEnabled": true
        },
        "clusterDefinition": {
          "kind": "KAFKA",
          "componentVersion": {
            "Kafka": "[parameters('kafkaversion')]"
          },
          "configurations": {
            "gateway": {
              "restAuthCredential.isEnabled": true,
              "restAuthCredential.username": "[parameters('clusterLoginUserName')]",
              "restAuthCredential.password": "[parameters('clusterLoginPassword')]"
            }
          }
        },
        "tier": "Standard",
        "minSupportedTlsVersion": "1.2",
        "kafkaRestProperties": {
          "clientGroupInfo": {
            "groupId": "[parameters('groupid')]",
            "groupName": "[parameters('groupName')]"
          }
        },
        "storageProfile": {
          "storageaccounts": [
            {
              "name": "[replace(replace(concat(reference(resourceId(parameters('StorageAccountResourceGroup'),'Microsoft.Storage/storageAccounts', parameters('kafkastorageAccountName')), '2021-09-01').primaryEndpoints.blob), 'https:', ''), '/', '')]",
              "isDefault": true,
              "container": "[parameters('clusterName')]",
              "key": "[listKeys(resourceId(parameters('StorageAccountResourceGroup'), 'Microsoft.Storage/storageAccounts', parameters('kafkastorageAccountName')), '2021-09-01').keys[0].value]"
            }
          ]
        },
        "computeProfile": {
          "roles": [
            {
              "name": "headnode",
              "targetInstanceCount": 2,
              "hardwareProfile": {
                "vmSize": "[parameters('HeadNodeVirtualMachineSize')]"
              },
              "osProfile": {
                "linuxOperatingSystemProfile": {
                  "username": "[parameters('sshUserName')]",
                  "password": "[parameters('sshPassword')]"
                }
              },
              "virtualNetworkProfile": "[if(parameters('enablevirtualNetworkProfile'),variables('virtualNetworkProfile') ,json('null'))]"
            },
            {
              "name": "workernode",
              "targetInstanceCount": 5,
              "hardwareProfile": {
                "vmSize": "[parameters('WorkerNodeVirtualMachineSize')]"
              },
              "dataDisksGroups": [
                {
                  "disksPerNode": 2
                }
              ],
              "osProfile": {
                "linuxOperatingSystemProfile": {
                  "username": "[parameters('sshUserName')]",
                  "password": "[parameters('sshPassword')]"
                }
              },
              "virtualNetworkProfile": "[if(parameters('enablevirtualNetworkProfile'),variables('virtualNetworkProfile') ,json('null'))]"
            },
            {
              "name": "kafkamanagementnode",
              "targetInstanceCount": 2,
              "hardwareProfile": {
                "vmSize": "[parameters('kafkamanagementnodeVirtualMachineSize')]"
              },
              "osProfile": {
                "linuxOperatingSystemProfile": {
                  "username": "[parameters('sshUserName')]",
                  "password": "[parameters('sshPassword')]"
                }
              },
              "virtualNetworkProfile": "[if(parameters('enablevirtualNetworkProfile'),variables('virtualNetworkProfile') ,json('null'))]"
            },
            {
              "name": "zookeepernode",
              "targetInstanceCount": 3,
              "hardwareProfile": {
                "vmSize": "[parameters('ZookeeperNodeVirtualMachineSize')]"
              },
              "osProfile": {
                "linuxOperatingSystemProfile": {
                  "username": "[parameters('sshUserName')]",
                  "password": "[parameters('sshPassword')]"
                }
              },
              "virtualNetworkProfile": "[if(parameters('enablevirtualNetworkProfile'),variables('virtualNetworkProfile') ,json('null'))]"
            }
          ]
        }
      }
    },
    { 
      "condition": "[parameters('enableDiagnosticSettings')]", 
      "type":"Microsoft.HDInsight/clusters/providers/diagnosticsettings",
      "name":"[concat(parameters('clusterName'), '/Microsoft.Insights/service')]",
      "apiVersion":"2021-05-01-preview",
      "location":"[parameters('location')]",
      "dependsOn":[  
          "[resourceId('Microsoft.HDInsight/clusters', parameters('clusterName'))]"
      ],
      "properties":{  
      "workspaceId":"[resourceId(parameters('omsWorkspaceSubscription') ,parameters('omsWorkspaceResourceGroup'), 'Microsoft.OperationalInsights/workspaces', parameters('omsWorkspaceName'))]",
         "metrics": [
            {
              "enabled": true,
              "category": "Availability"
            }
          ]
        }   
    }
  ],
  "outputs": {
    "cluster": {
      "type": "object",
      "value": "[reference(resourceId('Microsoft.HDInsight/clusters', parameters('clusterName')))]"
    },
    "Id": {
      "type": "string",
      "value": "[resourceId('Microsoft.HDInsight/clusters',parameters('clusterName'))]"
    }
  }
}
