{
  "$schema": "https://schema.management.azure.com/schemas/2019-04-01/deploymentTemplate.json#",
  "contentVersion": "1.0.0.0",
  "parameters": {
    "keyVaultName": {
      "type": "string",
      "defaultValue": "vault",
      "metadata": {
        "description": "Specifies the name of the key vault."
      }
    },
    "location": {
      "type": "string",
      "defaultValue": "[resourceGroup().location]",
      "metadata": {
        "description": "Specifies the Azure location where the key vault should be created."
      }
    },
    "enabledForDeployment": {
      "type": "bool",
      "defaultValue": false,
      "metadata": {
        "description": "Specifies whether Azure Virtual Machines are permitted to retrieve certificates stored as secrets from the key vault."
      }
    },
    "enabledForDiskEncryption": {
      "type": "bool",
      "defaultValue": false,
      "metadata": {
        "description": "Specifies whether Azure Disk Encryption is permitted to retrieve secrets from the vault and unwrap keys."
      }
    },
    "enabledForTemplateDeployment": {
      "type": "bool",
      "defaultValue": true,
      "metadata": {
        "description": "Specifies whether Azure Resource Manager is permitted to retrieve secrets from the key vault."
      }
    },
    "enableRbacAuthorization": {
      "type": "bool",
      "defaultValue": false,
      "metadata": {
        "description": "Property specifying whether protection against purge is enabled for this vault"
      }
    },
    "enableSoftDelete": {
      "type": "bool",
      "defaultValue": true,
      "metadata": {
        "description": "Please do not change this to true"
      }
    },
    "enablePurgeProtection": {
      "type": "bool",
      "defaultValue": true,
      "metadata": {
        "description": "Enable or Disable Purge protection for the keyvault"
      }
    },
    "tenantId": {
      "type": "string",
      "defaultValue": "[subscription().tenantId]",
      "metadata": {
        "description": "Specifies the Azure Active Directory tenant ID that should be used for authenticating requests to the key vault. Get it by using Get-AzSubscription cmdlet."
      }
    },
    "skuName": {
      "type": "string",
      "defaultValue": "standard",
      "allowedValues": [
        "standard",
        "premium"
      ],
      "metadata": {
        "description": "Specifies whether the key vault is a standard vault or a premium vault."
      }
    },
    "policies": {
      "type": "Array",
      "defaultValue": [
        {
          "objectId": "null",
          "tenantId": "[subscription().tenantId]",
          "permissions": {
            "keys": [
              "Get",
              "List"
            ],
            "secrets": [
              "Get",
              "List"
            ],
            "certificates": [
              "Get",
              "List"
            ]
          }
        }
      ],
      "metadata": {
        "description": "Array of object ids, Tenant ids and permissions."
      }
    },
    "allowBlobPublicAccess": {
      "type": "string",
      "defaultValue": "Enabled",
      "allowedValues": [
        "Enabled",
        "Disabled"
      ]
    },
    "PublicNetworkdefaultAction": {
      "type": "string",
      "defaultValue": "Deny",
        "allowedValues": [
        "Deny",
        "Allow"
      ],
      "metadata": {
        "description": "Set this to Deny for Allow Public access from specific virtual networks"
      }
    },
    "virtualNetworkResourceGroup": {
      "type": "string",
      "defaultValue": "sam-dev-eastus-ops"
    },
    "virtualNetworkName": {
      "type": "string",
      "defaultValue": "sam-dev-eastus-vnet"
    },
    "subnetName": {
      "type": "string",
      "defaultValue": "sam-dev-eastus-vm"
    },
    "enableDiagnosticSettings": {
      "type": "bool",
      "defaultValue": false,
      "metadata": {
        "description": "Set this to true to create Diagnostic Settings"
      }
    },
    "enableDiagnosticMetrics": {
      "type": "bool",
      "defaultValue": false,
      "metadata": {
        "description": "Set this to true to create Diagnostic  metrics"
      }
    },
    "omsWorkspaceSubscription":{  
      "type":"string",
      "defaultValue": "243c6a66-9da2-4ec6-8108-9a4058682456"
    },
    "omsWorkspaceResourceGroup":{  
      "type":"string",
      "defaultValue": "sb-hi-dev-hidp-tst-eastus-applogs"
    },
    "omsWorkspaceName":{  
      "type":"string",
      "defaultValue": "hidp-tst-eastus-applogs-workspace"
    }
  },
  "variables": {
        "subnetRef": "[resourceId(parameters('virtualNetworkResourceGroup'), 'Microsoft.Network/virtualNetworks/subnets', parameters('virtualNetworkName'),  parameters('subnetName'))]",
        "metrics": [{
                        "enabled": true,
                        "category": "AllMetrics"
                    }]
    },
  "resources": [
    {
      "type": "Microsoft.KeyVault/vaults",
      "apiVersion": "2021-10-01",
      "name": "[parameters('keyVaultName')]",
      "location": "[parameters('location')]",
      "properties": {
        "enabledForDeployment": "[parameters('enabledForDeployment')]",
        "enabledForDiskEncryption": "[parameters('enabledForDiskEncryption')]",
        "enabledForTemplateDeployment": "[parameters('enabledForTemplateDeployment')]",
        "enableRbacAuthorization": "[parameters('enableRbacAuthorization')]",
        "enableSoftDelete": "[parameters('enableSoftDelete')]",
        "enablePurgeProtection": "[if(parameters('enablePurgeProtection'), 'true', json('null'))]",
        "publicNetworkAccess": "[parameters('allowBlobPublicAccess')]",
        "tenantId": "[parameters('tenantId')]",
        "copy": [
          {
            "name": "accessPolicies",
            "count": "[length(parameters('policies'))]",
            "input": {
              "tenantId": "[parameters('policies')[copyIndex('accessPolicies')].tenantId]",
              "objectId": "[parameters('policies')[copyIndex('accessPolicies')].objectId]",
              "permissions": {
                "keys": "[parameters('policies')[copyIndex('accessPolicies')].permissions.keys]",
                "secrets": "[parameters('policies')[copyIndex('accessPolicies')].permissions.secrets]",
                "certificates": "[parameters('policies')[copyIndex('accessPolicies')].permissions.certificates]"
              }
            }
          }
        ],
        "sku": {
          "name": "[parameters('skuName')]",
          "family": "A"
        },
      "networkAcls": {
          "defaultAction": "[parameters('PublicNetworkdefaultAction')]",
          "bypass": "AzureServices",
           "virtualNetworkRules": [
                    {
                    "action": "Allow",
                    "id": "[variables('subnetRef')]",
                    "state": "Succeeded"
                    }
              ]
        }
      }
    },
    { 
      "condition": "[parameters('enableDiagnosticSettings')]", 
      "type":"Microsoft.KeyVault/vaults/providers/diagnosticsettings",
      "name":"[concat(parameters('keyVaultName'), '/Microsoft.Insights/service')]",
      "apiVersion":"2021-05-01-preview",
      "location":"[parameters('location')]",
      "dependsOn":[  
            "[resourceId('Microsoft.KeyVault/vaults/', parameters('keyVaultName'))]"
      ],
      "properties":{  
        "workspaceId":"[resourceId(parameters('omsWorkspaceSubscription') ,parameters('omsWorkspaceResourceGroup'), 'Microsoft.OperationalInsights/workspaces', parameters('omsWorkspaceName'))]",
            "logs": [
                    {
                        "categoryGroup": "audit",
                        "enabled": true
                    },
                    {
                        "categoryGroup": "allLogs",
                        "enabled": true
                    }
                ],
                "metrics": "[if(parameters('enableDiagnosticmetrics'), variables('metrics'), json('null'))]"
      }
    }
  ],
  "outputs": {
    "Id": {
      "value": "[resourceId('Microsoft.KeyVault/vaults', parameters('keyVaultName'))]",
      "type": "string"
    }
  }
}
