{
  "$schema": "https://schema.management.azure.com/schemas/2019-04-01/deploymentTemplate.json#",
  "contentVersion": "1.0.0.0",
  "parameters": {
    "serverName": {
      "type": "string",
      "defaultValue": "psql",
      "metadata": {
        "description": "Server Name for Azure database for PostgreSQL"
      }
    },
    "administratorLogin": {
      "type": "string",
      "defaultValue": "psqladmin",
      "minLength": 1,
      "metadata": {
        "description": "Database administrator login name"
      }
    },
    "administratorLoginPassword": {
      "type": "securestring",
      "defaultValue": null,
      "minLength": 8,
      "metadata": {
        "description": "Database administrator password"
      }
    },
    "skuCapacity": {
      "type": "int",
      "defaultValue": 2,
      "metadata": {
        "description": "Azure database for PostgreSQL compute capacity in vCores (2,4,8,16,32)"
      }
    },
    "skuName": {
      "type": "string",
      "defaultValue": "GP_Gen5_2",
      "metadata": {
        "description": "Azure database for PostgreSQL sku name "
      }
    },
    "skuSizeMB": {
      "type": "int",
      "defaultValue": 51200,
      "metadata": {
        "description": "Azure database for PostgreSQL Sku Size "
      }
    },
    "skuTier": {
      "type": "string",
      "defaultValue": "GeneralPurpose",
      "allowedValues": [
        "Basic",
        "GeneralPurpose",
        "MemoryOptimized"
      ],
      "metadata": {
        "description": "Azure database for PostgreSQL pricing tier"
      }
    },
    "skuFamily": {
      "type": "string",
      "defaultValue": "Gen5",
      "metadata": {
        "description": "Azure database for PostgreSQL sku family"
      }
    },
    "postgresqlVersion": {
      "type": "string",
      "defaultValue": "11",
      "allowedValues": [
        "9.5",
        "9.6",
        "10",
        "10.0",
        "10.2",
        "11"
      ],
      "metadata": {
        "description": "PostgreSQL version"
      }
    },
    "location": {
      "type": "string",
      "defaultValue": "[resourceGroup().location]",
      "metadata": {
        "description": "Location for all resources."
      }
    },
    "backupRetentionDays": {
      "type": "int",
      "defaultValue": 7,
      "metadata": {
        "description": "PostgreSQL Server backup retention days"
      }
    },
    "geoRedundantBackup": {
      "type": "string",
      "defaultValue": "Disabled",
      "metadata": {
        "description": "Geo-Redundant Backup setting"
      }
    },
    "publicNetworkAccess": {
      "type": "string",
      "defaultValue": "Enabled",
      "allowedValues": [
            "Enabled",
            "Disabled"
      ]
    },
    "VnetresourcegroupName": {
      "defaultValue": "sam-dev-eastus-ops",
      "type": "string",
      "metadata": {
        "description": "Vnet resource group name in which postgreSQl Server should reside"
            }
        },
    "virtualNetworkName": {
      "type": "string",
      "defaultValue": "sam-dev-eastus-vnet",
      "metadata": {
        "description": "Virtual Network Name"
      }
    },
    "subnetName": {
      "type": "string",
      "defaultValue": "azure_postgresql_subnet",
      "metadata": {
        "description": "Subnet Name"
      }
    },
    "virtualNetworkRuleName": {
      "type": "string",
      "defaultValue": "AllowSubnet",
      "metadata": {
        "description": "Virtual Network RuleName"
      }
    },
    "sslEnforcement": {
      "type": "string",
      "defaultValue": "Enabled",
      "metadata": {
        "description": "Enable ssl enforcement or not when connect to server."
      }
    },
    "enableDiagnosticSettings": {
        "type": "bool",
        "defaultValue": false,
        "metadata": {
            "description": "Set this to true to create Diagnostic Settings"
        }
    },
    "enableDiagnosticMetrics": {
          "type": "bool",
          "defaultValue": false,
          "metadata": {
            "description": "Set this to true to create Diagnostic  metrics"
          }
    },
    "omsWorkspaceSubscription":{  
        "type":"string",
        "defaultValue": "243c6a66-9da2-4ec6-8108-9a4058682456"
    },
    "omsWorkspaceResourceGroup":{  
        "type":"string",
        "defaultValue": "sb-hi-dev-hidp-tst-eastus-applogs"
    },
    "omsWorkspaceName":{  
        "type":"string",
        "defaultValue": "hidp-tst-eastus-applogs-workspace"
    }
  },
  "variables": {
    "firewallrules": [
      {
        "Name": "sample-rule",
        "StartIpAddress": "1.2.3.4",
        "EndIpAddress": "255.255.255.255"
      }
    ],
    "virtualNetworkSubnetId": "[resourceId(parameters('VnetresourcegroupName'), 'Microsoft.Network/virtualNetworks/subnets', parameters('virtualNetworkName'), parameters('subnetName'))]",
    "metrics": [{
                  "enabled": true,
                  "category": "AllMetrics"
                }]
  },
  "resources": [
    {
      "type": "Microsoft.DBforPostgreSQL/servers/virtualNetworkRules",
      "apiVersion": "2017-12-01",
      "name": "[format('{0}/{1}', parameters('serverName'), parameters('virtualNetworkRuleName'))]",
      "properties": {
        "virtualNetworkSubnetId": "[variables('virtualNetworkSubnetId')]",
        "ignoreMissingVnetServiceEndpoint": true
      },
      "dependsOn": [
        "[resourceId('Microsoft.DBforPostgreSQL/servers', parameters('serverName'))]"
      ]
    },
    {
      "type": "Microsoft.DBforPostgreSQL/servers",
      "apiVersion": "2017-12-01",
      "name": "[parameters('serverName')]",
      "location": "[parameters('location')]",
      "sku": {
        "name": "[parameters('skuName')]",
        "tier": "[parameters('skuTier')]",
        "capacity": "[parameters('skuCapacity')]",
        "size": "[format('{0}', parameters('skuSizeMB'))]",
        "family": "[parameters('skuFamily')]"
      },
      "properties": {
        "createMode": "Default",
        "version": "[parameters('postgresqlVersion')]",
        "administratorLogin": "[parameters('administratorLogin')]",
        "administratorLoginPassword": "[parameters('administratorLoginPassword')]",
        "sslEnforcement": "[parameters('sslEnforcement')]",
        "publicNetworkAccess": "[parameters('publicNetworkAccess')]",
        "storageProfile": {
          "storageMB": "[parameters('skuSizeMB')]",
          "backupRetentionDays": "[parameters('backupRetentionDays')]",
          "geoRedundantBackup": "[parameters('geoRedundantBackup')]"
        }
      }
    },
    {
      "copy": {
        "name": "firewallRules",
        "count": "[length(variables('firewallrules'))]",
        "mode": "serial",
        "batchSize": 1
      },
      "type": "Microsoft.DBforPostgreSQL/servers/firewallRules",
      "apiVersion": "2017-12-01",
      "name": "[format('{0}/{1}', parameters('serverName'), variables('firewallrules')[copyIndex()].Name)]",
      "properties": {
        "startIpAddress": "[variables('firewallrules')[copyIndex()].StartIpAddress]",
        "endIpAddress": "[variables('firewallrules')[copyIndex()].EndIpAddress]"
      },
      "dependsOn": [
        "[resourceId('Microsoft.DBforPostgreSQL/servers', parameters('serverName'))]"
      ]
    },
    { 
            "condition": "[parameters('enableDiagnosticSettings')]", 
            "type":"Microsoft.DBforPostgreSQL/servers/providers/diagnosticsettings",
            "name":"[concat(parameters('serverName'), '/Microsoft.Insights/service')]",
            "apiVersion":"2021-05-01-preview",
            "location":"[parameters('location')]",
            "dependsOn":[  
                    "[resourceId('Microsoft.DBforPostgreSQL/servers', parameters('serverName'))]"
            ],
            "properties":{  
            "workspaceId":"[resourceId(parameters('omsWorkspaceSubscription') ,parameters('omsWorkspaceResourceGroup'), 'Microsoft.OperationalInsights/workspaces', parameters('omsWorkspaceName'))]",
                    "logs": [
                            {
                                "categoryGroup": "allLogs",
                                "enabled": true
                            }
                        ],
                      "metrics": "[if(parameters('enableDiagnosticmetrics'), variables('metrics'), json('null'))]"
        }   
    }
  ],
  "outputs": {
    "Id": {
       "type": "string",
       "value": "[resourceId('Microsoft.DBforPostgreSQL/servers',parameters('serverName'))]"
    }
  }
}
