{
    "$schema": "https://schema.management.azure.com/schemas/2019-04-01/deploymentTemplate.json#",
    "contentVersion": "1.0.0.0",
    "parameters": {
        "location": {
            "defaultValue": "[resourceGroup().location]",
            "type": "string",
            "metadata": {
                "description": "Location"
            }
        },
        "serverName": {
            "defaultValue": "psqlflx",
            "type": "string",
            "metadata": {
                "description": "Server Name for Azure database for PostgreSQL flexible"
            }
        },
        "administratorLogin": {
            "defaultValue": "psqladmin",
            "minLength": 1,
            "type": "string",
            "metadata": {
                "description": "Postgreql Flexi server admin username"
            }
        },
        "administratorLoginPassword": {
            "defaultValue": null,
            "type": "Securestring",
            "metadata": {
                "description": "Postgreql Flexi server admin password"
            }
        },
        "serverEdition": {
            "defaultValue": "GeneralPurpose",
            "type": "string",
            "metadata": {
                "description": "Azure database for PostgreSQL pricing tier"
            }
        },
        "skuSizeGB": {
            "defaultValue": 128,
            "type": "int"
        },
        "skuname": {
            "defaultValue": "Standard_D4ds_v4",
            "type": "string"
        },
        "haMode": {
            "defaultValue": "ZoneRedundant",
            "type": "string",
            "allowedValues": [
                "Enabled",
                "Disabled",
                "SameZone", 
                "ZoneRedundant"
            ]
        },
        "standbyAvailabilityZone": {
            "defaultValue": "2",
            "type": "string"
        },
        "availabilityZone": {
            "defaultValue": "1",
            "type": "string"
        },
        "version": {
            "defaultValue": "14",
            "allowedValues": [
                "9.5",
                "9.6",
                "10",
                "10.0",
                "10.2",
                "11",
                "12",
                "14"
            ],
            "type": "string",
            "metadata": {
                "description": "PostgreSQL version"
            }
        },
        "backupRetentionDays": {
            "type": "int",
            "defaultValue": 7,
            "metadata": {
                "description": "PostgreSQL Server backup retention days"
            }
        },
        "geoRedundantBackup": {
            "type": "string",
            "defaultValue": "Disabled",
            "allowedValues": [
                "Enabled",
                "Disabled"
            ],
            "metadata": {
                "description": "Geo-Redundant Backup setting"
            }
        },
        "enableVnetId": {
            "type": "bool",
            "defaultValue": true,
            "metadata": {
                "description": "Set this to true to enable vnet connection"
            }
        },
        "VnetSubscription":{  
            "type":"string",
            "defaultValue": ""
        },
        "VnetresourcegroupName": {
            "defaultValue": "",
            "type": "string",
            "metadata": {
                "description": "Vnet name in which postgreSQl Flexi Server should reside"
            }
        },
        "postgresFlexiServerVnetName": {
            "defaultValue": "",
            "type": "string",
            "metadata": {
                "description": "Vnet name in which postgreSQl Flexi Server should reside"
            }
        },
        "DnsSubscription":{  
            "type":"string",
            "defaultValue": ""
        },
        "DnsResourceGroup":{  
            "type":"string",
            "defaultValue": ""
        },
        "privateDnsname": {
            "type": "string",
            "defaultValue":"",
            "metadata": {
                "description": "private dns zone"
            }
        },
        "subnetName": {
            "defaultValue": "",
            "type": "string",
            "metadata": {
                "description": "Subnet Name in which postgreSQL Flexi Server should reside. A dedicated subnet is required for this."
            }
        },
        "enableDiagnosticSettings": {
            "type": "bool",
            "defaultValue": false,
            "metadata": {
                "description": "Set this to true to create Diagnostic Settings"
            }
        },
        "enableDiagnosticMetrics": {
          "type": "bool",
          "defaultValue": false,
          "metadata": {
            "description": "Set this to true to create Diagnostic  metrics"
          }
        },
        "omsWorkspaceSubscription":{  
            "type":"string",
            "defaultValue": "243c6a66-9da2-4ec6-8108-9a4058682456"
        },
        "omsWorkspaceResourceGroup":{  
            "type":"string",
            "defaultValue": "sb-hi-dev-hidp-tst-eastus-applogs"
        },
        "omsWorkspaceName":{  
            "type":"string",
            "defaultValue": "hidp-tst-eastus-applogs-workspace"
        }
    },
    "variables": {
       "postgresqlVnetSubnetId": "[resourceId(parameters('VnetSubscription'), parameters('VnetresourcegroupName'), 'Microsoft.Network/virtualNetworks/subnets', parameters('postgresFlexiServerVnetName'), parameters('subnetName'))]",
        "postgresqlDnsId": "[resourceId(parameters('DnsSubscription'), parameters('DnsResourceGroup'), 'Microsoft.Network/privateDnsZones',parameters('privateDnsname'))]",
        "metrics": [{
                        "enabled": true,
                        "category": "AllMetrics"
                    }]
    },
    "resources": [
        {
            "type": "Microsoft.DBforPostgreSQL/flexibleServers",
            "apiVersion": "2021-06-01",
            "name": "[parameters('serverName')]",
            "location": "[parameters('location')]",
            "sku": {
                "name": "[parameters('skuname')]",
                "tier": "[parameters('serverEdition')]"
            },
            "properties": {
                "version": "[parameters('version')]",
                "administratorLogin": "[parameters('administratorLogin')]",
                "administratorLoginPassword": "[parameters('administratorLoginPassword')]",
                "network":  {
                    "delegatedSubnetResourceId": "[if(parameters('enableVnetId'), variables('postgresqlVnetSubnetId'), json('null'))]",
                    "privateDnsZoneArmResourceId": "[if(parameters('enableVnetId'), variables('postgresqlDnsId'), json('null'))]"
                },
                "highAvailability": {
                    "mode": "[parameters('haMode')]",
                    "standbyAvailabilityZone": "[parameters('standbyAvailabilityZone')]"
                },
                "storage": {
                    "storageSizeGB": "[parameters('skuSizeGB')]"
                },
                "backup": {
                    "backupRetentionDays": "[parameters('backupRetentionDays')]",
                    "geoRedundantBackup": "[parameters('geoRedundantBackup')]"
                },
                "availabilityZone": "[parameters('availabilityZone')]"
            }
        },
        { 
            "condition": "[parameters('enableDiagnosticSettings')]", 
            "type":"Microsoft.DBforPostgreSQL/flexibleServers/providers/diagnosticsettings",
            "name":"[concat(parameters('serverName'), '/Microsoft.Insights/service')]",
            "apiVersion":"2021-05-01-preview",
            "location":"[parameters('location')]",
            "dependsOn":[  
                    "[resourceId('Microsoft.DBforPostgreSQL/flexibleServers', parameters('serverName'))]"
            ],
            "properties":{  
            "workspaceId":"[resourceId(parameters('omsWorkspaceSubscription') ,parameters('omsWorkspaceResourceGroup'), 'Microsoft.OperationalInsights/workspaces', parameters('omsWorkspaceName'))]",
                    "logs": [
                            {
                                "categoryGroup": "allLogs",
                                "enabled": true
                            }
                        ],
                    "metrics": "[if(parameters('enableDiagnosticmetrics'), variables('metrics'), json('null'))]"
        }   
    }
    ],
    "outputs": {
        "Id": {
            "type": "string",
            "value": "[resourceId('Microsoft.DBforPostgreSQL/flexibleServers',parameters('serverName'))]"
        }
    }
}
