{
    "$schema": "https://schema.management.azure.com/schemas/2019-04-01/deploymentTemplate.json#",
    "contentVersion": "1.0.0.0",
    "parameters": {
        "name": {
            "type": "string",
            "metadata": {
                "description": "The capacity name, which is displayed in the Azure portal and the Power BI admin portal"
            }
        },
        "location": {
            "type": "string",
            "defaultValue": "[resourceGroup().location]",
            "metadata": {
                "description": "The location where Power BI is hosted for your tenant"
            }
        },
        "sku": {
            "type": "string",
            "allowedValues": [
                "A1",
                "A2",
                "A3",
                "A4",
                "A5",
                "A6"
            ],
            "metadata": {
                "description": "The pricing tier, which determines the v-core count and memory size for the capacity"
            }
        },
        "admin": {
            "type": "string",
            "metadata": {
                "description": "A user within your Power BI tenant, who will serve as an admin for this capacity"
            }
        },
        "tier": {
            "type": "string",
            "allowedValues": [
	        "AutoPremiumHost",
		"PBIE_Azure",
		"Premium"
	    ],
	    "metadata": {
		"description": "The name of the Azure pricing tier to which the SKU applies"
	    }
	},
	"mode": {
	    "type": "string",
	    "allowedValues": [
		"Gen1",
		"Gen2" 
	    ],
	    "metadata": {
		"description": "Specifies the generation of the Power BI Embedded capacity"
	    }
	}
    },
    "resources": [
        {
            "type": "Microsoft.PowerBIDedicated/capacities",
            "apiVersion": "2021-01-01",
            "name": "[parameters('name')]",
            "location": "[parameters('location')]",
            "sku": {
                "name": "[parameters('sku')]",
		"tier": "[parameters('tier')]"
            },
            "properties": {
                "administration": {
                    "members": [
                        "[parameters('admin')]"
                    ]
                },
		"mode": "[parameters('mode')]"
            }
        }
    ]
}
