{
    "$schema": "https://schema.management.azure.com/schemas/2019-04-01/deploymentTemplate.json#",
    "contentVersion": "1.0.0.0",
    "parameters": {
        "privateDNSZoneLocation": {
            "type": "string",
            "defaultValue": "global",
            "metadata": {
                "description": "Private DNS zones should be gloabl."
            }
        },
        "privateEndpointName": {
            "type": "string",
            "defaultValue": "st",
            "metadata": {
                "description": "https://docs.microsoft.com/en-us/azure/cloud-adoption-framework/ready/azure-best-practices/resource-abbreviations"
            }
        },
        "privateEndpointGroup": {
            "type": "string",
            "defaultValue": "blob",
            "metadata": {
                "description": "description"
            }
        },
        "publicDNSZoneForwarder": {
            "type": "string",
            "defaultValue": "[environment().suffixes.storage]",
            "metadata": {
                "description": "DNS Zone forwarder"
            }
        },
        "virtualNetworkName": {
            "type": "string",
            "defaultValue": "sam-dev-eastus-vnet",
            "metadata": {
                "description": "Vnet name for linking the private DNS Zone"
            }
        },
        "vnetResourceGroupName": {
            "type": "string",
            "defaultValue": "sam-dev-eastus-ops",
            "metadata": {
                "description": "Vnet Resource Group Name"
            }
        },
        "enableprivateDnsZoneGroups": {
            "type": "bool",
            "defaultValue": false,
            "metadata": {
                "description": "Set this to true to create privateDnsZoneGroups"
            }
        }
    },
    "variables": {
        "privateDNSZoneName": "[concat('privatelink.', parameters('publicDNSZoneForwarder'))]",
        "privateDNSZoneId": "[resourceId('Microsoft.Network/privateDnsZones', variables('privateDNSZoneName'))]",
        "privateDnsZoneGroup": "[concat(parameters('privateEndpointName'),'/', parameters('privateEndpointGroup'), 'PrivateDnsZoneGroup')]",
        "vnetId": "[resourceId(parameters('vnetResourceGroupName'),'Microsoft.Network/virtualNetworks', parameters('virtualNetworkName'))]",
        "pvtlink": "[concat(variables('privateDNSZoneName'), '/link_to_', toLower(parameters('virtualNetworkName')))]"
    },
    "resources": [
        {
            "type": "Microsoft.Network/privateDnsZones",
            "apiVersion": "2020-06-01",
            "name": "[variables('privateDNSZoneName')]",
            "location": "[parameters('privateDNSZoneLocation')]",
            "properties": {
                "maxNumberOfRecordSets": 25000,
                "maxNumberOfVirtualNetworkLinks": 1000,
                "maxNumberOfVirtualNetworkLinksWithRegistration": 100
            }
        },
        {
            "dependsOn": [
                "[resourceId('Microsoft.Network/privateDnsZones', variables('privateDnsZoneName'))]"
            ],
            "type": "Microsoft.Network/privateDnsZones/virtualNetworkLinks",
            "apiVersion": "2020-06-01",
            "name": "[variables('pvtlink')]",
            "location": "[parameters('privateDNSZoneLocation')]",
            "properties": {
                "registrationEnabled": false,
                "virtualNetwork": {
                    "id": "[variables('vnetId')]"
                }
            }
        },
        {
            "condition": "[parameters('enableprivateDnsZoneGroups')]",
            "dependsOn": [
                "[resourceId('Microsoft.Network/privateDnsZones', variables('privateDnsZoneName'))]"
            ],
            "type": "Microsoft.Network/privateEndpoints/privateDnsZoneGroups",
            "apiVersion": "2021-05-01",
            "name": "[variables('privateDNSZoneGroup')]",
            "properties": {
                "privateDnsZoneConfigs": [
                    {
                        "name": "dnsConfig",
                        "properties": {
                            "privateDnsZoneId": "[variables('privateDNSZoneId')]"
                        }
                    }
                ]
            }
        }
    ],
    "outputs": {
        "privateDNSZoneId": {
            "type": "string",
            "value": "[variables('privateDNSZoneId')]"
        },
         "privateDNSZoneName": {
            "type": "string",
            "value": "[parameters('publicDNSZoneForwarder')]"
        },
        "Name": {
            "type": "string",
            "value": "[ variables('pvtlink')]"
        }
    }
}
