{
  "$schema": "https://schema.management.azure.com/schemas/2019-04-01/deploymentTemplate.json#",
  "contentVersion": "1.0.0.0",
  "parameters": {
    "location": {
      "type": "string",
      "defaultValue": "[resourceGroup().location]",
      "metadata": {
        "description": "Location for all resources."
      }
    },
    "privateEndPointName": {
      "type": "string",
      "defaultValue": "st",
      "metadata": {
        "description": "Specifies the name of the private link"
      }
    },
    "vnetResourceGroupName": {
      "type": "string",
      "defaultValue": "sam-dev-eastus-ops",
      "metadata": {
        "description": "Vnet Resource Group Name"
      }
    },
    "vnetName": {
      "type": "string",
      "defaultValue": "sam-dev-eastus-vnet",
      "metadata": {
        "description": "Name of the Vnet"
      }
    },
    "subnetName": {
      "type": "string",
      "defaultValue": "sam-dev-eastus-vm",
      "metadata": {
        "description": "Name of the subnet"
      }
    },
    "privateLinkResourceName": {
      "type": "string",
      "defaultValue": "ibmpochisa",
      "metadata": {
        "description": "Name of the service for which private endpoint needs to be configured"
      }
    },
    "privateLinkResourceType": {
      "type": "string",
      "defaultValue": "Microsoft.Storage/storageAccounts",
      "allowedValues": [
            "Microsoft.Storage/storageAccounts",
            "Microsoft.KeyVault/vaults",
            "Microsoft.ContainerRegistry/registries",
            "Microsoft.DBforPostgreSQL/servers",
            "Microsoft.AzureCosmosDB/databaseAccounts"
      ],
      "metadata": {
        "description": "description"
      }
    },
    "privateLinkServiceGroupName": {
      "type": "string",
      "defaultValue": "blob",
      "allowedValues": [
          "blob",
          "table",
          "queue",
          "file",
          "web",
          "dfs",
          "vault",
          "registry",
          "postgresqlServer",
          "SQL",
          "MongoDB"
      ],
      "metadata": {
        "description": "Private Link Service Group Name"
      }
    }
  },
  "functions": [],
  "variables": {
    "vnetSubnetId": "[resourceId(parameters('vnetResourceGroupName'),'Microsoft.Network/virtualNetworks/subnets', parameters('vnetName'), parameters('subnetName'))]",
    "privateLinkServiceConnectionId": "[resourceId(parameters('privateLinkResourceType'), parameters('privateLinkResourceName'))]"
  },
  "resources": [
    {
      "type": "Microsoft.Network/privateEndpoints",
      "apiVersion": "2020-11-01",
      "name": "[parameters('privateEndPointName')]",
      "location": "[parameters('location')]",
      "properties": {
        "subnet": {
          "id": "[variables('vnetSubnetId')]"
        },
        "privateLinkServiceConnections": [
          {
            "name": "[parameters('privateEndPointName')]",
            "properties": {
              "privateLinkServiceId": "[variables('privateLinkServiceConnectionId')]",
              "groupIds": [
                "[parameters('privateLinkServiceGroupName')]"
              ]
            }
          }
        ]
      }
    }
  ],
  "outputs": {
    "privateEndpointName": {
      "type": "string",
      "value": "[parameters('privateEndPointName')]"
    },
    "Id": {
      "type": "string",
      "value": "[resourceId('Microsoft.Network/privateEndpoints',parameters('privateEndPointName'))]"
    }
  }
}
