{
    "$schema": "https://schema.management.azure.com/schemas/2019-04-01/deploymentTemplate.json#",
    "contentVersion": "1.0.0.0",
    "parameters": {
        "storageAccountName": {
            "type": "string"
        },
        "location": {
            "type": "string",
            "defaultValue": "[resourceGroup().location]",
            "metadata": {
                "description": "description"
            }
        },
        "accountType": {
            "type": "string",
            "defaultValue": "Standard_LRS",
            "allowedValues": [
                "Premium_LRS",
                "Premium_ZRS",
                "Standard_GRS",
                "Standard_GZRS",
                "Standard_LRS",
                "Standard_RAGRS",
                "Standard_RAGZRS",
                "Standard_ZRS"
            ],
            "metadata": {
                "description": "Storage Account type"
            }
        },
        "storageContainerName": {
            "type": "string",
            "defaultValue": "logs",
            "metadata": {
                "description": "Storage Container Name"
            }
        },
        "storageContainerCount": {
            "type": "int",
            "defaultValue": 1,
            "metadata": {
                "description": "Storage Container Count"
            }
        },
        "kind": {
            "type": "string",
            "defaultValue": "StorageV2",
            "metadata": {
                "description:": "Kind of Storage Account"
            }
        },
        "accessTier": {
            "type": "string",
            "defaultValue": "Hot",
            "allowedValues": [ "Hot", "Cool", "Archive" ],
            "metadata": {
                "description": "Storage Account Access Tier"
            }
        },
        "minimumTlsVersion": {
            "type": "string",
            "defaultValue": "TLS1_2"
        },
        "supportsHttpsTrafficOnly": {
            "type": "Bool",
            "defaultValue": true
        },
        "publicNetworkAccess": {
            "type": "string",
            "defaultValue": "Enabled",
            "allowedValues": [
                "Enabled",
                "Disabled"
            ]
        },
        "PublicNetworkdefaultAction": {
            "type": "string",
            "defaultValue": "Deny",
                "allowedValues": [
                "Deny",
                "Allow"
            ],
            "metadata": {
                "description": "Set this to Deny for Allow Public access from specific virtual networks"
            }
        },
        "allowBlobPublicAccess": {
            "type": "Bool",
            "defaultValue": false
        },
        "enableDatalake": {
            "type": "Bool",
            "defaultValue": false
        },
        "virtualNetworkResourceGroup": {
            "type": "string",
            "defaultValue": "sam-dev-eastus-ops"
        },
        "virtualNetworkName": {
            "type": "string",
            "defaultValue": "sam-dev-eastus-vnet"
        },
        "subnetName": {
            "type": "string",
            "defaultValue": "sam-dev-eastus-vm"
        }
    },
    "variables": {
        "shortResourceGroupId": "[take(uniquestring(resourceGroup().id),3)]",
        "uniqueStorageName": "[concat(parameters('storageAccountName'),variables('shortResourceGroupId'))]",
        "subnetRef": "[resourceId(parameters('virtualNetworkResourceGroup'), 'Microsoft.Network/virtualNetworks/subnets', parameters('virtualNetworkName'),  parameters('subnetName'))]"
    },
    "resources": [
        {
            "type": "Microsoft.Storage/storageAccounts",
            "apiVersion": "2021-09-01",
            "name": "[variables('uniqueStorageName')]",
            "location": "[parameters('location')]",
            "sku": {
                "name": "[parameters('accountType')]"
            },
            "kind": "[parameters('kind')]",
            "properties": {
                "accessTier": "[parameters('accessTier')]",
                "minimumTlsVersion": "[parameters('minimumTlsVersion')]",
                "supportsHttpsTrafficOnly": "[parameters('supportsHttpsTrafficOnly')]",
                "publicNetworkAccess": "[parameters('publicNetworkAccess')]",
                "allowBlobPublicAccess": "[parameters('allowBlobPublicAccess')]",
                "isHnsEnabled": "[parameters('enableDatalake')]",
                //Sftp is support only for the accounts which have Hns as a true
                "isSftpEnabled": "[parameters('enableDatalake')]",
               "networkAcls": {
                "bypass": "AzureServices",
                "defaultAction": "[parameters('PublicNetworkdefaultAction')]",
                 "virtualNetworkRules": [
                    {
                    "action": "Allow",
                    "id": "[variables('subnetRef')]",
                    "state": "Succeeded"
                    }
              ]
            }
        }
        },
        {
            "copy": {
                "name": "containers",
                "count": "[parameters('storageContainerCount')]"
            },
            "type": "Microsoft.Storage/storageAccounts/blobServices/containers",
            "apiVersion": "2021-04-01",
            "name": "[format('{0}/default/{1}{2}', variables('uniqueStorageName'), parameters('storageContainerName'),padLeft(copyIndex(1),2,'0') )]",
            "dependsOn": [
                "[resourceId('Microsoft.Storage/storageAccounts',variables('uniqueStorageName'))]"
            ]
        }
    ],
    "outputs": {
        "StorageAccountBlobEndpoint": {
            "value": "[reference(resourceId('Microsoft.Storage/storageAccounts', variables('uniqueStorageName'))).primaryEndpoints.blob]",
            "type": "string"
        },
        "StorageAccountname": {
            "type": "string",
            "value": "[variables('uniqueStorageName')]"
        },
        "Id": {
            "type": "string",
            "value": "[resourceId('Microsoft.Storage/storageAccounts', variables('uniqueStorageName'))]"
        }
    }
}