{
    "$schema": "https://schema.management.azure.com/schemas/2019-04-01/deploymentTemplate.json#",
    "contentVersion": "1.0.0.0",
    "parameters": {
        "userDefinedIdentityName": {
            "type": "string",
            "defaultValue": "identity",
            "metadata": {
                "description": "Name of the Managed Identity to be created"
            }
        },
        "location": {
            "type": "string",
            "defaultValue": "[resourceGroup().location]",
            "metadata": {
                "description": "deployment region"
            }
        }
    },
    "variables": {
        "userDefinedManagedIdentityId": "[resourceId('Microsoft.ManagedIdentity/userAssignedIdentities',parameters('userDefinedIdentityName'))]"
    },
    "resources": [
        {
            "type": "Microsoft.ManagedIdentity/userAssignedIdentities",
            "name": "[parameters('userDefinedIdentityName')]",
            "apiVersion": "2018-11-30",
            "location": "[parameters('location')]"
        }
    ],
    "outputs": {
        "Id": {
            "type": "string",
            "value": "[variables('userDefinedManagedIdentityId')]"
        },
        "principalId": {
            "type": "string",
            "value": "[reference(resourceId('Microsoft.ManagedIdentity/userAssignedIdentities',parameters('userDefinedIdentityName'))).principalId]"
        }
    }
}