{
  "$schema": "https://schema.management.azure.com/schemas/2019-04-01/deploymentTemplate.json#",
  "contentVersion": "1.0.0.0",
  "parameters": {
    "vmname": {
      "type": "string",
      "defaultValue": "sam-dev-eastus-vm",
      "metadata": {
        "description": "VM name"
      }
    },
    "adminUsername": {
      "type": "string",
      "defaultValue": "vmadmin",
      "metadata": {
        "description": "Admin username for VM"
      }
    },
    "numberOfInstances": {
      "type": "int",
      "defaultValue": 2,
      "minValue": 2,
      "maxValue": 398,
      "metadata": {
        "description": "Number of VMs to deploy"
      }
    },
    "OS": {
      "type": "string",
      "defaultValue": "RedHat",
      "allowedValues": [
        "RedHat",
        "Windows"
      ],
      "metadata": {
        "description": "OS Platform for the VM"
      }
    },
    "location": {
      "type": "string",
      "defaultValue": "[resourceGroup().location]",
      "metadata": {
        "description": "Location for all resources."
      }
    },
    "authenticationType": {
      "type": "string",
      "defaultValue": "password",
      "allowedValues": [
        "sshPublicKey",
        "password"
      ],
      "metadata": {
        "description": "Type of authentication to use on the Virtual Machine. SSH key is recommended."
      }
    },
    "adminPasswordOrKey": {
      "type": "securestring",
      "metadata": {
        "description": "SSH Key or password for the Virtual Machine. SSH key is recommended."
      }
    },
    "vmSize": {
      "type": "string",
      "defaultValue": "Standard_B2s",
      "metadata": {
        "description": "description"
      }
    },
    "storageAccountType": {
      "type": "string",
      "defaultValue": "Standard_LRS",
      "allowedValues": [
        "PremiumV2_LRS",
        "Premium_LRS",
        "Premium_ZRS",
        "StandardSSD_LRS",
        "StandardSSD_ZRS",
        "Standard_LRS",
        "UltraSSD_LRS"
      ],
      "metadata": {
        "description": "Storage type for data disks"
      }
    },
    "sizeOfDataDisksInGB": {
      "type": "int",
      "defaultValue": 60,
      "metadata": {
        "description": "Size of the data disks"
      }
    },
    "virtualNetworkName": {
      "type": "string",
      "defaultValue": "sam-dev-eastus-vnet",
      "metadata": {
        "description": "Name of the existing VNET"
      }
    },
    "osDiskName": {
      "type": "string",
      "defaultValue": "osdisk",
      "metadata": {
        "description": "VM OS Disk Name"
      }
    },
    "dataDiskName": {
      "type": "string",
      "defaultValue": "datadisk",
      "metadata": {
        "description": "VM Data Disk Name"
      }
    },
    "virtualNetworkResourceGroup": {
      "type": "string",
      "defaultValue": "sam-dev-eastus-ops",
      "metadata": {
        "description": "Name of the existing VNET resource group"
      }
    },
    "subnetName": {
      "type": "string",
      "defaultValue": "sam-dev-eastus-vm",
      "metadata": {
        "description": "Name of the subnet in the virtual network you want to use"
      }
    },
    "enableavailabilitySet": {
      "type": "bool",
      "defaultValue": true,
      "metadata": {
        "description": "Set this to true to create availabilitySet"
      }
    },
    "availabilitySetName": {
      "type": "string",
      "defaultValue": "sam-dev-eastus-avset",
      "metadata": {
        "description": "availabilitySet Name"
      }
    },
    "enableloadBalancer": {
      "type": "bool",
      "defaultValue": true,
      "metadata": {
        "description": "Set this to true to create loadBalancer"
      }
    },
    "loadBalancerName": {
      "type": "string",
      "defaultValue": "sam-dev-eastus-lb",
      "metadata": {
        "description": "load balancer name"
      }
    },
    "bootDiagnosticsStorageAccount": {
      "type": "string",
      "defaultValue": "diagsa",
      "metadata": {
        "description": "Storage Account Name for boot diagnostics"
      }
    }
  },
  "variables": {
    "subnetRef": "[resourceId(parameters('virtualNetworkResourceGroup'), 'Microsoft.Network/virtualNetworks/subnets', parameters('virtualNetworkName'),  parameters('subnetName'))]",
    "availabilitySetId": {
      "id": "[resourceId('Microsoft.Compute/availabilitySets', parameters('availabilitySetName'))]"
    },
    "loadbalancerId": [
      {
        "id": "[resourceId('Microsoft.Network/loadBalancers/backendAddressPools', parameters('loadBalancerName'), 'BackendPool1')]"
      }
    ],
    "imageReference": {
      "RedHat": {
        "publisher": "RedHat",
        "offer": "RHEL",
        "sku": "7_9",
        "version": "latest"
      },
      "Windows": {
        "publisher": "MicrosoftWindowsServer",
        "offer": "WindowsServer",
        "sku": "2019-Datacenter",
        "version": "latest"
      }
    },
    "linuxConfiguration": {
      "disablePasswordAuthentication": true,
      "ssh": {
        "publicKeys": [
          {
            "path": "[concat('/home/', parameters('adminUsername'), '/.ssh/authorized_keys')]",
            "keyData": "[parameters('adminPasswordOrKey')]"
          }
        ]
      }
    },
    "vmOSDisk": "[concat(parameters('vmname'),parameters('osDiskName'))]",
    "vmDataDisk": "[concat(parameters('vmname'),parameters('dataDiskName'))]"
  },
  "resources": [
    {
      "condition": "[parameters('enableavailabilitySet')]",
      "type": "Microsoft.Compute/availabilitySets",
      "name": "[parameters('availabilitySetName')]",
      "apiVersion": "2020-06-01",
      "location": "[parameters('location')]",
      "properties": {
        "platformFaultDomainCount": 3,
        "platformUpdateDomainCount": 5
      },
      "sku": {
        "name": "Aligned"
      }
    },

    {
      "type": "Microsoft.Network/networkInterfaces",
      "name": "[concat(parameters('vmname'), copyindex(01))]",
      "apiVersion": "2020-05-01",
      "location": "[parameters('location')]",
      "copy": {
        "name": "nicLoop",
        "count": "[parameters('numberOfInstances')]"
      },
      "dependsOn": [
        "[resourceId('Microsoft.Network/loadBalancers', parameters('loadBalancerName'))]"
      ],
      "properties": {
        "ipConfigurations": [
          {
            "name": "ipconfig1",
            "properties": {
              "privateIPAllocationMethod": "Dynamic",
              "subnet": {
                "id": "[variables('subnetRef')]"
              },
              "loadBalancerBackendAddressPools": "[if(parameters('enableloadBalancer'),variables('loadbalancerId') ,json('null'))]"
            }
          }
        ]
      }
    },
    {
      "condition": "[parameters('enableloadBalancer')]",
      "type": "Microsoft.Network/loadBalancers",
      "apiVersion": "2020-06-01",
      "name": "[parameters('loadBalancerName')]",
      "location": "[parameters('location')]",
      "sku": {
        "name": "Standard"
      },
      "properties": {
        "frontendIPConfigurations": [
          {
            "properties": {
              "subnet": {
                "id": "[variables('subnetRef')]"
              },
              "privateIPAllocationMethod": "Dynamic"
            },
            "name": "LoadBalancerFrontend"
          }
        ],
        "backendAddressPools": [
          {
            "name": "BackendPool1"
          }
        ],
        "loadBalancingRules": [
          {
            "properties": {
              "frontendIPConfiguration": {
                "id": "[resourceId('Microsoft.Network/loadBalancers/frontendIpConfigurations', parameters('loadBalancerName'), 'LoadBalancerFrontend')]"
              },
              "backendAddressPool": {
                "id": "[resourceId('Microsoft.Network/loadBalancers/backendAddressPools', parameters('loadBalancerName'), 'BackendPool1')]"
              },
              "probe": {
                "id": "[resourceId('Microsoft.Network/loadBalancers/probes', parameters('loadBalancerName'), 'lbprobe')]"
              },
              "protocol": "Tcp",
              "frontendPort": 80,
              "backendPort": 80,
              "idleTimeoutInMinutes": 4
            },
            "name": "lbrule"
          }
        ],
        "probes": [
          {
            "properties": {
              "protocol": "Tcp",
              "port": 80,
              "intervalInSeconds": 15,
              "numberOfProbes": 2
            },
            "name": "lbprobe"
          }
        ]
      },
      "dependsOn": [
        "[resourceId('Microsoft.Compute/availabilitySets', parameters('availabilitySetName'))]"
      ]
    },
    {
      "type": "Microsoft.Compute/disks",
      "apiVersion": "2017-03-30",
      "name": "[concat(variables('vmDataDisk'), copyIndex(01))]",
      "location": "[parameters('location')]",
      "copy": {
        "name": "DataDiskLoop",
        "count": "[length(range(0, parameters('numberOfInstances')))]"
      },
      "sku": {
        "name": "Standard_LRS"
      },
      "properties": {
        "creationData": {
          "createOption": "Empty"
        },
        "diskSizeGB": "[parameters('sizeOfDataDisksInGB')]"
      }
    },
    {
      "type": "Microsoft.Compute/virtualMachines",
      "name": "[format('{0}{1}', parameters('vmname'), add(range(0, parameters('numberOfInstances'))[copyIndex()], 1))]",
      "apiVersion": "2020-06-01",
      "location": "[parameters('location')]",
      "copy": {
        "name": "virtualMachineLoop",
        "count": "[parameters('numberOfInstances')]"
      },
      "dependsOn": [
        "[resourceId('Microsoft.Network/networkInterfaces', concat(parameters('vmname'), copyIndex(01)))]",
        "[resourceId('Microsoft.Compute/availabilitySets',parameters('availabilitySetName'))]",
        "[resourceId('Microsoft.Compute/disks',concat(variables('vmDataDisk'),copyIndex(01)))]"
      ],
      "properties": {
        "availabilitySet": "[if(parameters('enableavailabilitySet'),variables('availabilitySetId') ,json('null'))]",
        "hardwareProfile": {
          "vmSize": "[parameters('vmSize')]"
        },
        "osProfile": {
          "computerName": "[format('{0}{1}', parameters('vmname'), add(range(0, parameters('numberOfInstances'))[copyIndex()], 1))]",
          "adminUsername": "[parameters('adminUsername')]",
          "adminPassword": "[parameters('adminPasswordOrKey')]",
          "linuxConfiguration": "[if(equals(parameters('authenticationType'), 'password'), json('null'), variables('linuxConfiguration'))]"
        },
        "storageProfile": {
          "imageReference": "[variables('imageReference')[parameters('OS')]]",
          "osDisk": {
            "name": "[format('{0}{1}', variables('vmOSDisk'), add(range(0, parameters('numberOfInstances'))[copyIndex()], 1))]",
            "caching": "ReadWrite",
            "createOption": "FromImage",
            "managedDisk": {
              "storageAccountType": "[parameters('storageAccountType')]"
            }
          },
          "dataDisks": [
            {
              "lun": 0,
              "name": "[concat(variables('vmDataDisk'), copyIndex(01))]",
              "createOption": "Attach",
              "managedDisk": {
                "id": "[resourceId('Microsoft.Compute/disks/', concat(variables('vmDataDisk'),copyIndex(01)))]"
              }
            }
          ]
        },
        "networkProfile": {
          "networkInterfaces": [
            {
              "id": "[resourceId('Microsoft.Network/networkInterfaces', concat(parameters('vmname'), copyindex(01)))]"
            }
          ]
        },
        "diagnosticsProfile": {
          "bootDiagnostics": {
            "enabled": true,
            "storageUri": "[parameters('bootDiagnosticsStorageAccount')]"
          }
        }
      }
    }
  ],
  "outputs": {
  "vmId": {
      "type": "string",
      "value": "[resourceId('Microsoft.Compute/virtualMachines', parameters('vmname'))]"
    },
    "dataDiskId": {
      "type": "string",
      "value": "[resourceId('Microsoft.Compute/disks',parameters('dataDiskName'))]"
    },
    "nicId": {
      "type": "string",
      "value": "[resourceId('Microsoft.Network/networkinterfaces',parameters('vmname'))]"
    },
    "avsetId": {
      "type": "string",
      "value": "[resourceId('Microsoft.Compute/availabilitySets',parameters('availabilitySetName'))]"
    },
    "lbId": {
      "type": "string",
      "value": "[resourceId('Microsoft.Network/loadBalancers',parameters('loadBalancerName'))]"
    }
  }
}